Microgeraá∆o Setg†s;;;;;;;;;;;;;;;;;;;;;;;;;;;;;;;;;;;;;;;;;;;;;;;;;;;;;;;;;;;;;;;;;;;;
;ID;Nome;1. Caracter°sticas;;;;;;;2. Condiá‰es Particulares;;;;;3. Produto Comercial;;;;;;;;;;;;;;;;;;;;;;;;;;;4. Atributos;;;;;;;;;;;;5. Ofertas alternativas;;;;;;;;;;;;;;
;;;;;;;;;;;;;;;;Eletricidade;;;;;;;;G†s;;;;;;;;Serviáo Estruturado;;;;;;;;;;;;;;;;;;;;;;;;;;;;;;;;;;;;
;;;Ca;Data in°cio;Data fim;Reclamaá∆o da Divida;Duraá∆o;Penalizaá∆o;Valor;Condiá‰es1;Valor da Condiá∆o1;Condiá‰es2;Valor da Condiá∆o2;Condiá‰es3;Componente b†sica;Restriá∆o1;Valor da Restriá∆o1;Restriá∆o2;Valor da Restriá∆o2;Componente Estruturada Eletricidade;ID Comp. Estruturada Electricidade;Estrutura Tarif†ria;ID Estrutura tarif†ria;Restriá∆o1 ;Valores da Restriá∆o1;Restriá∆o2 ;Valores da Restriá∆o2 ;Componente Estruturada G†s;ID Comp. Estruturada G†s;Estrutura Tarif†ria GN;ID Estrutura tarif†ria GN;Serviáo Estruturado;ID Serviáo Estruturado;Estado do Serviáo;Obrigatoriedade;Serviáo Estruturado 2;ID Serviáo Estruturado 2;Estado do Serviáo 2;Obrigatoriedade 2;Estrutura tarif†ria;ID Estrutura tarif†ria;DÇbito Directo (ATR0000001);Obrigatoriedade;Conta Certa (ATR0000002);Obrigatoriedade;Correspondància electr¢nica (ATR0000003);Obrigatoriedade ;Entidade Parceira;Obrigatoriedade;Valor EP;Valor benÇfico EP;Unidade EP;Aplicado a EP;Eletricidade;G†s;;;;;;;;;;;;;
1;OFR4380552;Plano edp Sporting;Contrat†vel;10-12-2012;31-12-9999;Residenciais;0;Ser∆o debitados, ao cliente, os valores j† calculados pela aplicaá∆o das Estruturas tarif†rias.;0;-;-;-;-;-;E;-;-;-;-;Plano edp Sporting E;CB09397061;PLANO SPORTING Total E;ET00967226;-;-;-;-;-;-;-;-;-;-;-;-;-;-;-;-;-;-;x;Obrigat¢rio;-;-;x;Facultativo;x;Obrigat¢rio;SCP;-;-;-;Plano edp Sporting;N/A;;;;;;;;;;;;;
2;OFR2080041;Plano edp Sporting Total Lisboag†s;Contrat†vel;10-12-2012;31-12-9999;Residenciais;0;Ser∆o debitados, ao cliente, os valores j† calculados pela aplicaá∆o das Estruturas tarif†rias.;0;-;-;-;-;-;E+G;-;-;-;-;Plano edp Sporting E;CB09397061;PLANO SPORTING Total E;ET00967226;Distribuidor;Lisboag†s;-;-;Plano edp Sporting Total Lisboag†s;CB01523633;PLANO SPORTING Total Lisboag†s ;ET09629765;-;-;-;-;-;-;-;-;-;-;x;Obrigat¢rio;-;-;x;Facultativo;x;Obrigat¢rio;SCP;-;-;-;Plano edp Sporting;Casa Lisboag†s 2013/01;;;;;;;;;;;;;
3;OFR1000245;Plano edp Sporting Total edp g†s;Contrat†vel;10-12-2012;31-12-9999;Residenciais;0;Ser∆o debitados, ao cliente, os valores j† calculados pela aplicaá∆o das Estruturas tarif†rias.;0;-;-;-;-;-;E+G;-;-;-;-;Plano edp Sporting E;CB09397061;PLANO SPORTING Total E;ET00967226;Distribuidor;edp g†s;-;-;Plano edp Sporting Total edp g†s;CB02395685;PLANO SPORTING Total edp g†s ;ET05809012;-;-;-;-;-;-;-;-;-;-;x;Obrigat¢rio;-;-;x;Facultativo;x;Obrigat¢rio;SCP;-;-;-;Plano edp Sporting;Casa edp g†s 2013/01;;;;;;;;;;;;;
4;OFR2952093;Plano edp Sporting Total Beirag†s;Contrat†vel;10-12-2012;31-12-9999;Residenciais;0;Ser∆o debitados, ao cliente, os valores j† calculados pela aplicaá∆o das Estruturas tarif†rias.;0;-;-;-;-;-;E+G;-;-;-;-;Plano edp Sporting E;CB09397061;PLANO SPORTING Total E;ET00967226;Distribuidor;Beirag†s;-;-;Plano edp Sporting Total Beirag†s;CB05078663;PLANO SPORTING Total Beirag†s ;ET07296234;-;-;-;-;-;-;-;-;-;-;x;Obrigat¢rio;-;-;x;Facultativo;x;Obrigat¢rio;SCP;-;-;-;Plano edp Sporting;Casa Beirag†s 2013/01;;;;;;;;;;;;;
5;OFR6540143;Plano edp Sporting Total Lusitaniag†s;Contrat†vel;10-12-2012;31-12-9999;Residenciais;0;Ser∆o debitados, ao cliente, os valores j† calculados pela aplicaá∆o das Estruturas tarif†rias.;0;-;-;-;-;-;E+G;-;-;-;-;Plano edp Sporting E;CB09397061;PLANO SPORTING Total E;ET00967226;Distribuidor;Lusitaniag†s;-;-;Plano edp Sporting Total Lusitaniag†s;CB06016755;PLANO SPORTING Total Lusitaniag†s ;ET05726071;-;-;-;-;-;-;-;-;-;-;x;Obrigat¢rio;-;-;x;Facultativo;x;Obrigat¢rio;SCP;-;-;-;Plano edp Sporting;Casa Lusitaniag†s 2013/01;;;;;;;;;;;;;
6;OFR5277565;Plano edp Sporting Total Setg†s;Contrat†vel;10-12-2012;31-12-9999;Residenciais;0;Ser∆o debitados, ao cliente, os valores j† calculados pela aplicaá∆o das Estruturas tarif†rias.;0;-;-;-;-;-;E+G;-;-;-;-;Plano edp Sporting E;CB09397061;PLANO SPORTING Total E;ET00967226;Distribuidor;Setg†s;-;-;Plano edp Sporting Total Setg†s;CB00269114;PLANO SPORTING Total Setg†s ;ET07063530;-;-;-;-;-;-;-;-;-;-;x;Obrigat¢rio;-;-;x;Facultativo;x;Obrigat¢rio;SCP;-;-;-;Plano edp Sporting;Casa Setg†s 2013/01;;;;;;;;;;;;;
7;OFR5975676;Plano edp Sporting Total Paxg†s;Contrat†vel;10-12-2012;31-12-9999;Residenciais;0;Ser∆o debitados, ao cliente, os valores j† calculados pela aplicaá∆o das Estruturas tarif†rias.;0;-;-;-;-;-;E+G;-;-;-;-;Plano edp Sporting E;CB09397061;PLANO SPORTING Total E;ET00967226;Distribuidor;Paxg†s;-;-;Plano edp Sporting Total Paxg†s;CB09538765;PLANO SPORTING Total Paxg†s ;ET08724693;-;-;-;-;-;-;-;-;-;-;x;Obrigat¢rio;-;-;x;Facultativo;x;Obrigat¢rio;SCP;-;-;-;Plano edp Sporting;Casa Paxg†s 2013/01;;;;;;;;;;;;;
8;OFR3882125;Plano edp Sporting Total Durienseg†s;Contrat†vel;10-12-2012;31-12-9999;Residenciais;0;Ser∆o debitados, ao cliente, os valores j† calculados pela aplicaá∆o das Estruturas tarif†rias.;0;-;-;-;-;-;E+G;-;-;-;-;Plano edp Sporting E;CB09397061;PLANO SPORTING Total E;ET00967226;Distribuidor;Durienseg†s;-;-;Plano edp Sporting Total Durienseg†s;CB02985112;PLANO SPORTING Total Durienseg†s ;ET05344387;-;-;-;-;-;-;-;-;-;-;x;Obrigat¢rio;-;-;x;Facultativo;x;Obrigat¢rio;SCP;-;-;-;Plano edp Sporting;Casa Durienseg†s 2013/01;;;;;;;;;;;;;
9;OFR4405513;Plano edp Sporting Total Dianag†s;Contrat†vel;10-12-2012;31-12-9999;Residenciais;0;Ser∆o debitados, ao cliente, os valores j† calculados pela aplicaá∆o das Estruturas tarif†rias.;0;-;-;-;-;-;E+G;-;-;-;-;Plano edp Sporting E;CB09397061;PLANO SPORTING Total E;ET00967226;Distribuidor;Dianag†s;-;-;Plano edp Sporting Total Dianag†s;CB07586918;PLANO SPORTING Total Dianag†s ;ET05693051;-;-;-;-;-;-;-;-;-;-;x;Obrigat¢rio;-;-;x;Facultativo;x;Obrigat¢rio;SCP;-;-;-;Plano edp Sporting;Casa Dianag†s 2013/01;;;;;;;;;;;;;
10;OFR7262431;Plano edp Sporting Total Tagusg†s;Contrat†vel;10-12-2012;31-12-9999;Residenciais;0;Ser∆o debitados, ao cliente, os valores j† calculados pela aplicaá∆o das Estruturas tarif†rias.;0;-;-;-;-;-;E+G;-;-;-;-;Plano edp Sporting E;CB09397061;PLANO SPORTING Total E;ET00967226;Distribuidor;Tagusg†s;-;-;Plano edp Sporting Total Tagusg†s;CB02952093;PLANO SPORTING Total Tagusg†s ;ET00476858;-;-;-;-;-;-;-;-;-;-;x;Obrigat¢rio;-;-;x;Facultativo;x;Obrigat¢rio;SCP;-;-;-;Plano edp Sporting;Casa Tagusg†s 2013/01;;;;;;;;;;;;;
11;OFR2047021;Plano edp Sporting Total Medig†s;Contrat†vel;10-12-2012;31-12-9999;Residenciais;0;Ser∆o debitados, ao cliente, os valores j† calculados pela aplicaá∆o das Estruturas tarif†rias.;0;-;-;-;-;-;E+G;-;-;-;-;Plano edp Sporting E;CB09397061;PLANO SPORTING Total E;ET00967226;Distribuidor;Medig†s;-;-;Plano edp Sporting Total Medig†s;CB05460347;PLANO SPORTING Total Medig†s ;ET00884285;-;-;-;-;-;-;-;-;-;-;x;Obrigat¢rio;-;-;x;Facultativo;x;Obrigat¢rio;SCP;-;-;-;Plano edp Sporting;Casa Medig†s 2013/01;;;;;;;;;;;;;
12;OFR1905317;Plano edp Sporting Total Sonorg†s;Contrat†vel;10-12-2012;31-12-9999;Residenciais;0;Ser∆o debitados, ao cliente, os valores j† calculados pela aplicaá∆o das Estruturas tarif†rias.;0;-;-;-;-;-;E+G;-;-;-;-;Plano edp Sporting E;CB09397061;PLANO SPORTING Total E;ET00967226;Distribuidor;Sonorg†s;-;-;Plano edp Sporting Total Sonorg†s;CB09015377;PLANO SPORTING Total Sonorg†s ;ET01581613;-;-;-;-;-;-;-;-;-;-;x;Obrigat¢rio;-;-;x;Facultativo;x;Obrigat¢rio;SCP;-;-;-;Plano edp Sporting;Casa Sonorg†s 2013/01;;;;;;;;;;;;;
13;OFR5003782;Casa 2013/01;Contrat†vel;01-02-2012;31-12-9999;Residenciais;365;Ser∆o debitados, ao cliente, o custo do termo tarif†rio fixo devido para o escal∆o/potància;0;-;-;-;-;-;E;Tipo Local Consumo;"Habitaá∆o;Esp Comuns;";-;-;Casa 2013/01;CB05477249;Casa 2013/01;ET03907085;-;-;-;-;-;-;-;-;-;-;-;-;-;-;-;-;-;-;x;Obrigat¢rio;x;Facultativo;x;Facultativo;-;-;-;-;-;-;Casa 2013/01;N/A;;;;;;;;;;;;;
14;OFR2827290;Neg¢cios 2013/01;Contrat†vel;01-02-2012;31-12-9999;Pequenos Neg¢cios;365;Ser∆o debitados, ao cliente, o custo do termo tarif†rio fixo devido para o escal∆o/potància;0;Segmentaá∆o de cliente;"Peq. Neg¢cios;";-;-;-;E;Tipo Local Consumo;"Restauraá∆o;ComÇrcio;Serviáos;Hotelaria;Outros;Esp Comuns;Sv P£blico;Ind£strias;Lazer;Avenáas;PCVE;";-;-;Neg¢cios 2013/01;CB05302525;Neg¢cios 2013/01;ET09762627;-;-;-;-;-;-;-;-;-;-;-;-;-;-;-;-;-;-;x;Obrigat¢rio;x;Facultativo;x;Facultativo;-;-;-;-;-;-;Neg¢cios 2013/01;N/A;;;;;;;;;;;;;
15;OFR9239239;Casa Base 2013/01;Contrat†vel;01-02-2012;31-12-9999;Residenciais;365;Ser∆o debitados, ao cliente, o custo do termo tarif†rio fixo devido para o escal∆o/potància;0;-;-;-;-;-;E;Tipo Local Consumo;"Habitaá∆o;Esp Comuns;";-;-;Casa Base 2013/01;CB03525401; Casa Base 2013/01;ET02478626;-;-;-;-;-;-;-;-;-;-;-;-;-;-;-;-;-;-;-;-;-;-;x;Facultativo;-;-;-;-;-;-;Casa Base 2013/01;N/A;;;;;;;;;;;;;
16;OFR9065298;Neg¢cios Base 2013/01;Contrat†vel;01-02-2012;31-12-9999;Pequenos Neg¢cios;365;Ser∆o debitados, ao cliente, o custo do termo tarif†rio fixo devido para o escal∆o/potància;0;-;-;-;-;-;E;Tipo Local Consumo;"Esp Comuns;ComÇrcio;Serviáos;Restauraá∆o;Sv P£blico;Ind£strias;Hotelaria;Lazer;Outros;   ";-;-;Neg¢cios Base 2013/01;CB06033656; Neg¢cios Base 2013/01;ET09065298;-;-;-;-;-;-;-;-;-;-;-;-;-;-;-;-;-;-;-;-;-;-;x;Facultativo;-;-;-;-;-;-;Neg¢cios Base 2013/01;N/A;;;;;;;;;;;;;
17;OFR6938728;Casa Verde 2013/01;Contrat†vel;01-02-2012;31-12-9999;Residenciais;365;Ser∆o debitados, ao cliente, o custo do termo tarif†rio fixo devido para o escal∆o/potància;0;-;-;-;-;-;E;Discriminaá∆o hor†ria;"Simples;Dupla;";Escal∆o de potància;"6,9 kVA;10,35 kVA;13,8 kVA;17,25 kVA;20,7 kVA;";Casa Verde 2013/01;CB08591832; Casa VERDE 2013/01;ET02445606;-;-;-;-;-;-;-;-;-;-;-;-;-;-;-;-;-;-;x;Obrigat¢rio;x;Facultativo;x;Facultativo;-;-;-;-;-;-;Casa Verde 2013/01;N/A;;;;;;;;;;;;;
18;OFR4397453;Casa Total Lisboag†s 2013/01;Contrat†vel;01-02-2013;31-12-9999;Residenciais;365;Ser∆o debitados, ao cliente, o custo do termo tarif†rio fixo devido para o escal∆o/potància;0;Pontos de entrega no mesmo Local f°sico;-;-;-;-;E+G;Tipo Local Consumo;"Habitaá∆o;Esp Comuns;";-;-;Casa Total 2013/01;CB01398831;Casa Total;ET02353823;Distribuidor;Lisboag†s;Tipo Local Consumo;"Habitaá∆o;Esp Comuns;";Casa Total Lisboag†s 2013/01;CB01398831;Casa Total Lisboag†s 2013/01;ET06033656;-;-;-;-;-;-;-;-;-;-;x;Obrigat¢rio;x;Facultativo;x;Facultativo;-;-;-;-;-;-;Casa 2013/01;Casa Lisboag†s 2013/01;;;;;;;;;;;;;
19;OFR8417108;Casa Total edp g†s 2013/01;Contrat†vel;01-02-2013;31-12-9999;Residenciais;365;Ser∆o debitados, ao cliente, o custo do termo tarif†rio fixo devido para o escal∆o/potància;0;Pontos de entrega no mesmo Local f°sico;-;-;-;-;E+G;Tipo Local Consumo;"Habitaá∆o;Esp Comuns;";-;-;Casa Total 2013/01;CB03433619;Casa Total;ET02353823;Distribuidor;edp g†s;Tipo Local Consumo;"Habitaá∆o;Esp Comuns;";Casa Total edp g†s 2013/01;CB03433619;Casa Total edp g†s 2013/01;ET04513414;-;-;-;-;-;-;-;-;-;-;x;Obrigat¢rio;x;Facultativo;x;Facultativo;-;-;-;-;-;-;Casa 2013/01;Casa edp g†s 2013/01;;;;;;;;;;;;;
20;OFR0493759;Casa Total Beirag†s 2013/01;Contrat†vel;01-02-2013;31-12-9999;Residenciais;365;Ser∆o debitados, ao cliente, o custo do termo tarif†rio fixo devido para o escal∆o/potància;0;Pontos de entrega no mesmo Local f°sico;-;-;-;-;E+G;Tipo Local Consumo;"Habitaá∆o;Esp Comuns;";-;-;Casa Total 2013/01;CB06382320;Casa Total;ET02353823;Distribuidor;Beirag†s;Tipo Local Consumo;"Habitaá∆o;Esp Comuns;";Casa Total Beirag†s 2013/01;CB06382320;Casa Total Beirag†s 2013/01;ET07860701;-;-;-;-;-;-;-;-;-;-;x;Obrigat¢rio;x;Facultativo;x;Facultativo;-;-;-;-;-;-;Casa 2013/01;Casa Beirag†s 2013/01;;;;;;;;;;;;;
21;OFR1623475;Casa Total Lusitaniag†s 2013/01;Contrat†vel;01-02-2013;31-12-9999;Residenciais;365;Ser∆o debitados, ao cliente, o custo do termo tarif†rio fixo devido para o escal∆o/potància;0;Pontos de entrega no mesmo Local f°sico;-;-;-;-;E+G;Tipo Local Consumo;"Habitaá∆o;Esp Comuns;";-;-;Casa Total 2013/01;CB04605197;Casa Total;ET02353823;Distribuidor;Lusitaniag†s;Tipo Local Consumo;"Habitaá∆o;Esp Comuns;";Casa Total Lusitaniag†s 2013/01;CB04605197;Casa Total Lusitaniag†s 2013/01;ET04430473;-;-;-;-;-;-;-;-;-;-;x;Obrigat¢rio;x;Facultativo;x;Facultativo;-;-;-;-;-;-;Casa 2013/01;Casa Lusitaniag†s 2013/01;;;;;;;;;;;;;
22;OFR9762627;Casa Total Setg†s 2013/01;Contrat†vel;01-02-2013;31-12-9999;Residenciais;365;Ser∆o debitados, ao cliente, o custo do termo tarif†rio fixo devido para o escal∆o/potància;0;Pontos de entrega no mesmo Local f°sico;-;-;-;-;E+G;Tipo Local Consumo;"Habitaá∆o;Esp Comuns;";-;-;Casa Total 2013/01;CB08367187;Casa Total;ET02353823;Distribuidor;Setg†s;Tipo Local Consumo;"Habitaá∆o;Esp Comuns;";Casa Total Setg†s 2013/01;CB08367187;Casa Total Setg†s 2013/01;ET01573554;-;-;-;-;-;-;-;-;-;-;x;Obrigat¢rio;x;Facultativo;x;Facultativo;-;-;-;-;-;-;Casa 2013/01;Casa Setg†s 2013/01;;;;;;;;;;;;;
23;OFR6083577;Casa Total Paxg†s 2013/01;Contrat†vel;01-02-2013;31-12-9999;Residenciais;365;Ser∆o debitados, ao cliente, o custo do termo tarif†rio fixo devido para o escal∆o/potància;0;Pontos de entrega no mesmo Local f°sico;-;-;-;-;E+G;Tipo Local Consumo;"Habitaá∆o;Esp Comuns;";-;-;Casa Total 2013/01;CB04953861;Casa Total;ET02353823;Distribuidor;Paxg†s;Tipo Local Consumo;"Habitaá∆o;Esp Comuns;";Casa Total Paxg†s 2013/01;CB04953861;Casa Total Paxg†s 2013/01;ET03874066;-;-;-;-;-;-;-;-;-;-;x;Obrigat¢rio;x;Facultativo;x;Facultativo;-;-;-;-;-;-;Casa 2013/01;Casa Paxg†s 2013/01;;;;;;;;;;;;;
24;OFR1747495;Casa Total Durienseg†s 2013/01;Contrat†vel;01-02-2013;31-12-9999;Residenciais;365;Ser∆o debitados, ao cliente, o custo do termo tarif†rio fixo devido para o escal∆o/potància;0;Pontos de entrega no mesmo Local f°sico;-;-;-;-;E+G;Tipo Local Consumo;"Habitaá∆o;Esp Comuns;";-;-;Casa Total 2013/01;CB00925364;Casa Total;ET02353823;Distribuidor;Durienseg†s;Tipo Local Consumo;"Habitaá∆o;Esp Comuns;";Casa Total Durienseg†s 2013/01;CB00925364;Casa Total Durienseg†s 2013/01;ET05302525;-;-;-;-;-;-;-;-;-;-;x;Obrigat¢rio;x;Facultativo;x;Facultativo;-;-;-;-;-;-;Casa 2013/01;Casa Durienseg†s 2013/01;;;;;;;;;;;;;
25;OFR6432241;Casa Total Dianag†s 2013/01;Contrat†vel;01-02-2013;31-12-9999;Residenciais;365;Ser∆o debitados, ao cliente, o custo do termo tarif†rio fixo devido para o escal∆o/potància;0;Pontos de entrega no mesmo Local f°sico;-;-;-;-;E+G;Tipo Local Consumo;"Habitaá∆o;Esp Comuns;";-;-;Casa Total 2013/01;CB01797416;Casa Total;ET02353823;Distribuidor;Dianag†s;Tipo Local Consumo;"Habitaá∆o;Esp Comuns;";Casa Total Dianag†s 2013/01;CB01797416;Casa Total Dianag†s 2013/01;ET06905708;-;-;-;-;-;-;-;-;-;-;x;Obrigat¢rio;x;Facultativo;x;Facultativo;-;-;-;-;-;-;Casa 2013/01;Casa Dianag†s 2013/01;;;;;;;;;;;;;
26;OFR3923987;Casa Total Tagusg†s 2013/01;Contrat†vel;01-02-2013;31-12-9999;Residenciais;365;Ser∆o debitados, ao cliente, o custo do termo tarif†rio fixo devido para o escal∆o/potància;0;Pontos de entrega no mesmo Local f°sico;-;-;-;-;E+G;Tipo Local Consumo;"Habitaá∆o;Esp Comuns;";-;-;Casa Total 2013/01;CB05335545;Casa Total;ET02353823;Distribuidor;Tagusg†s;Tipo Local Consumo;"Habitaá∆o;Esp Comuns;";Casa Total Tagusg†s 2013/01;CB05335545;Casa Total Tagusg†s 2013/01;ET01922218;-;-;-;-;-;-;-;-;-;-;x;Obrigat¢rio;x;Facultativo;x;Facultativo;-;-;-;-;-;-;Casa 2013/01;Casa Tagusg†s 2013/01;;;;;;;;;;;;;
27;OFR3575322;Casa Total Sonorg†s 2013/01;Contrat†vel;01-02-2013;31-12-9999;Residenciais;365;Ser∆o debitados, ao cliente, o custo do termo tarif†rio fixo devido para o escal∆o/potància;0;Pontos de entrega no mesmo Local f°sico;-;-;-;-;E+G;Tipo Local Consumo;"Habitaá∆o;Esp Comuns;";-;-;Casa Total 2013/01;CB01972139;Casa Total;ET02353823;Distribuidor;Sonorg†s;Tipo Local Consumo;"Habitaá∆o;Esp Comuns;";Casa Total Sonorg†s 2013/01;CB01972139;Casa Total Sonorg†s 2013/01;ET02794270;-;-;-;-;-;-;-;-;-;-;x;Obrigat¢rio;x;Facultativo;x;Facultativo;-;-;-;-;-;-;Casa 2013/01;Casa Sonorg†s 2013/01;;;;;;;;;;;;;
28;OFR4048789;Casa Total Medig†s 2013/01;Contrat†vel;01-02-2013;31-12-9999;Residenciais;365;Ser∆o debitados, ao cliente, o custo do termo tarif†rio fixo devido para o escal∆o/potància;0;Pontos de entrega no mesmo Local f°sico;-;-;-;-;E+G;Tipo Local Consumo;"Habitaá∆o;Esp Comuns;";-;-;Casa Total 2013/01;CB05941873;Casa Total;ET02353823;Distribuidor;Medig†s;Tipo Local Consumo;"Habitaá∆o;Esp Comuns;";Casa Total Medig†s 2013/01;CB05941873;Casa Total Medig†s 2013/01;ET09496903;-;-;-;-;-;-;-;-;-;-;x;Obrigat¢rio;x;Facultativo;x;Facultativo;-;-;-;-;-;-;Casa 2013/01;Casa Medig†s 2013/01;;;;;;;;;;;;;
29;OFR7163372;Neg¢cios Total Lisboag†s 2013/01;Contrat†vel;01-02-2013;31-12-9999;Pequenos Neg¢cios;365;Ser∆o debitados, ao cliente, o custo do termo tarif†rio fixo devido para o escal∆o/potància;0;Pontos de entrega no mesmo Local f°sico;-;Segmentaá∆o de cliente;"Peq. Neg¢cios;";-;E+G;Tipo Local Consumo;"Esp Comuns;ComÇrcio;Serviáos;Restauraá∆o;Sv P£blico;Ind£strias;Hotelaria;Lazer;Outros;  ";-;-;Neg¢cios Total 2013/01;CB03923987;Neg¢cios Total;ET06639985;Distribuidor;Lisboag†s;Tipo Local Consumo;"Esp Comuns;ComÇrcio;Serviáos;Restauraá∆o;Sv P£blico;Ind£strias;Hotelaria;Lazer;Outros;Avenáas;PCVE;";Neg¢cios Total Lisboag†s 2013/01;CB03923987;Neg¢cios Total Lisboag†s 2013/01;ET07429096;-;-;-;-;-;-;-;-;-;-;x;Obrigat¢rio;x;Facultativo;x;Facultativo;-;-;-;-;-;-;Neg¢cios 2013/01;Neg¢cios Lisboag†s 2013/01 ;;;;;;;;;;;;;
30;OFR2495527;Neg¢cios Total edp g†s 2013/01;Contrat†vel;01-02-2013;31-12-9999;Pequenos Neg¢cios;365;Ser∆o debitados, ao cliente, o custo do termo tarif†rio fixo devido para o escal∆o/potància;0;Pontos de entrega no mesmo Local f°sico;-;Segmentaá∆o de cliente;"Peq. Neg¢cios;";-;E+G;Tipo Local Consumo;"Esp Comuns;ComÇrcio;Serviáos;Restauraá∆o;Sv P£blico;Ind£strias;Hotelaria;Lazer;Outros;  ";-;-;Neg¢cios Total 2013/01;CB06988649;Neg¢cios Total;ET06639985;Distribuidor;edp g†s;Tipo Local Consumo;"Esp Comuns;ComÇrcio;Serviáos;Restauraá∆o;Sv P£blico;Ind£strias;Hotelaria;Lazer;Outros;Avenáas;PCVE;";Neg¢cios Total edp g†s 2013/01;CB06988649;Neg¢cios Total edp g†s 2013/01;ET02703270;-;-;-;-;-;-;-;-;-;-;x;Obrigat¢rio;x;Facultativo;x;Facultativo;-;-;-;-;-;-;Neg¢cios 2013/01;Neg¢cios edp g†s 2013/01;;;;;;;;;;;;;
31;OFR0401976;Neg¢cios Total Beirag†s 2013/01;Contrat†vel;01-02-2013;31-12-9999;Pequenos Neg¢cios;365;Ser∆o debitados, ao cliente, o custo do termo tarif†rio fixo devido para o escal∆o/potància;0;Pontos de entrega no mesmo Local f°sico;-;Segmentaá∆o de cliente;"Peq. Neg¢cios;";-;E+G;Tipo Local Consumo;"Esp Comuns;ComÇrcio;Serviáos;Restauraá∆o;Sv P£blico;Ind£strias;Hotelaria;Lazer;Outros;  ";-;-;Neg¢cios Total 2013/01;CB06432241;Neg¢cios Total;ET06639985;Distribuidor;Beirag†s;Tipo Local Consumo;"Esp Comuns;ComÇrcio;Serviáos;Restauraá∆o;Sv P£blico;Ind£strias;Hotelaria;Lazer;Outros;Avenáas;PCVE;";Neg¢cios Total Beirag†s 2013/01;CB06432241;Neg¢cios Total Beirag†s 2013/01;ET05560189;-;-;-;-;-;-;-;-;-;-;x;Obrigat¢rio;x;Facultativo;x;Facultativo;-;-;-;-;-;-;Neg¢cios 2013/01;Neg¢cios Beirag†s 2013/01;;;;;;;;;;;;;
32;OFR7512037;Neg¢cios Total Lusitaniag†s 2013/01;Contrat†vel;01-02-2013;31-12-9999;Pequenos Neg¢cios;365;Ser∆o debitados, ao cliente, o custo do termo tarif†rio fixo devido para o escal∆o/potància;0;Pontos de entrega no mesmo Local f°sico;-;Segmentaá∆o de cliente;"Peq. Neg¢cios;";-;E+G;Tipo Local Consumo;"Esp Comuns;ComÇrcio;Serviáos;Restauraá∆o;Sv P£blico;Ind£strias;Hotelaria;Lazer;Outros;  ";-;-;Neg¢cios Total 2013/01;CB01067068;Neg¢cios Total;ET06639985;Distribuidor;Lusitaniag†s;Tipo Local Consumo;"Esp Comuns;ComÇrcio;Serviáos;Restauraá∆o;Sv P£blico;Ind£strias;Hotelaria;Lazer;Outros;Avenáas;PCVE;";Neg¢cios Total Lusitaniag†s 2013/01;CB01067068;Neg¢cios Total Lusitaniag†s 2013/01;ET01889199;-;-;-;-;-;-;-;-;-;-;x;Obrigat¢rio;x;Facultativo;x;Facultativo;-;-;-;-;-;-;Neg¢cios 2013/01;Neg¢cios Lusitaniag†s 2013/01;;;;;;;;;;;;;
33;OFR5908854;Neg¢cios Total Setg†s 2013/01;Contrat†vel;01-02-2013;31-12-9999;Pequenos Neg¢cios;365;Ser∆o debitados, ao cliente, o custo do termo tarif†rio fixo devido para o escal∆o/potància;0;Pontos de entrega no mesmo Local f°sico;-;Segmentaá∆o de cliente;"Peq. Neg¢cios;";-;E+G;Tipo Local Consumo;"Esp Comuns;ComÇrcio;Serviáos;Restauraá∆o;Sv P£blico;Ind£strias;Hotelaria;Lazer;Outros;  ";-;-;Neg¢cios Total 2013/01;CB07893720;Neg¢cios Total;ET06639985;Distribuidor;Setg†s;Tipo Local Consumo;"Esp Comuns;ComÇrcio;Serviáos;Restauraá∆o;Sv P£blico;Ind£strias;Hotelaria;Lazer;Outros;Avenáas;PCVE;";Neg¢cios Total Setg†s 2013/01;CB07893720;Neg¢cios Total Setg†s 2013/01;ET01365811;-;-;-;-;-;-;-;-;-;-;x;Obrigat¢rio;x;Facultativo;x;Facultativo;-;-;-;-;-;-;Neg¢cios 2013/01;Neg¢cios Setg†s 2013/01;;;;;;;;;;;;;
34;OFR9413963;Neg¢cios Total Paxg†s 2013/01;Contrat†vel;01-02-2013;31-12-9999;Pequenos Neg¢cios;365;Ser∆o debitados, ao cliente, o custo do termo tarif†rio fixo devido para o escal∆o/potància;0;Pontos de entrega no mesmo Local f°sico;-;Segmentaá∆o de cliente;"Peq. Neg¢cios;";-;E+G;Tipo Local Consumo;"Esp Comuns;ComÇrcio;Serviáos;Restauraá∆o;Sv P£blico;Ind£strias;Hotelaria;Lazer;Outros;  ";-;-;Neg¢cios Total 2013/01;CB09970370;Neg¢cios Total;ET06639985;Distribuidor;Paxg†s;Tipo Local Consumo;"Esp Comuns;ComÇrcio;Serviáos;Restauraá∆o;Sv P£blico;Ind£strias;Hotelaria;Lazer;Outros;Avenáas;PCVE;";Neg¢cios Total Paxg†s 2013/01;CB09970370;Neg¢cios Total Paxg†s 2013/01;ET03383698;-;-;-;-;-;-;-;-;-;-;x;Obrigat¢rio;x;Facultativo;x;Facultativo;-;-;-;-;-;-;Neg¢cios 2013/01;Neg¢cios Paxg†s 2013/01;;;;;;;;;;;;;
35;OFR6955629;Neg¢cios Total Durienseg†s 2013/01;Contrat†vel;01-02-2013;31-12-9999;Pequenos Neg¢cios;365;Ser∆o debitados, ao cliente, o custo do termo tarif†rio fixo devido para o escal∆o/potància;0;Pontos de entrega no mesmo Local f°sico;-;Segmentaá∆o de cliente;"Peq. Neg¢cios;";-;E+G;Tipo Local Consumo;"Esp Comuns;ComÇrcio;Serviáos;Restauraá∆o;Sv P£blico;Ind£strias;Hotelaria;Lazer;Outros;  ";-;-;Neg¢cios Total 2013/01;CB04131730;Neg¢cios Total;ET06639985;Distribuidor;Durienseg†s;Tipo Local Consumo;"Esp Comuns;ComÇrcio;Serviáos;Restauraá∆o;Sv P£blico;Ind£strias;Hotelaria;Lazer;Outros;Avenáas;PCVE;";Neg¢cios Total Durienseg†s 2013/01;CB04131730;Neg¢cios Total Durienseg†s 2013/01;ET03002014;-;-;-;-;-;-;-;-;-;-;x;Obrigat¢rio;x;Facultativo;x;Facultativo;-;-;-;-;-;-;Neg¢cios 2013/01;Neg¢cios Durienseg†s 2013/01;;;;;;;;;;;;;
36;OFR1398831;Neg¢cios Total Dianag†s 2013/01;Contrat†vel;01-02-2013;31-12-9999;Pequenos Neg¢cios;365;Ser∆o debitados, ao cliente, o custo do termo tarif†rio fixo devido para o escal∆o/potància;0;Pontos de entrega no mesmo Local f°sico;-;Segmentaá∆o de cliente;"Peq. Neg¢cios;";-;E+G;Tipo Local Consumo;"Esp Comuns;ComÇrcio;Serviáos;Restauraá∆o;Sv P£blico;Ind£strias;Hotelaria;Lazer;Outros;  ";-;-;Neg¢cios Total 2013/01;CB07163372;Neg¢cios Total;ET06639985;Distribuidor;Dianag†s;Tipo Local Consumo;"Esp Comuns;ComÇrcio;Serviáos;Restauraá∆o;Sv P£blico;Ind£strias;Hotelaria;Lazer;Outros;Avenáas;PCVE;";Neg¢cios Total Dianag†s 2013/01;CB07163372;Neg¢cios Total Dianag†s 2013/01;ET06730984;-;-;-;-;-;-;-;-;-;-;x;Obrigat¢rio;x;Facultativo;x;Facultativo;-;-;-;-;-;-;Neg¢cios 2013/01;Neg¢cios Dianag†s 2013/01;;;;;;;;;;;;;
37;OFR5560189;Neg¢cios Total Tagusg†s 2013/01;Contrat†vel;01-02-2013;31-12-9999;Pequenos Neg¢cios;365;Ser∆o debitados, ao cliente, o custo do termo tarif†rio fixo devido para o escal∆o/potància;0;Pontos de entrega no mesmo Local f°sico;-;Segmentaá∆o de cliente;"Peq. Neg¢cios;";-;E+G;Tipo Local Consumo;"Esp Comuns;ComÇrcio;Serviáos;Restauraá∆o;Sv P£blico;Ind£strias;Hotelaria;Lazer;Outros;  ";-;-;Neg¢cios Total 2013/01;CB04480394;Neg¢cios Total;ET06639985;Distribuidor;Tagusg†s;Tipo Local Consumo;"Esp Comuns;ComÇrcio;Serviáos;Restauraá∆o;Sv P£blico;Ind£strias;Hotelaria;Lazer;Outros;Avenáas;PCVE;";Neg¢cios Total Tagusg†s 2013/01;CB04480394;Neg¢cios Total Tagusg†s 2013/01;ET06382320;-;-;-;-;-;-;-;-;-;-;x;Obrigat¢rio;x;Facultativo;x;Facultativo;-;-;-;-;-;-;Neg¢cios 2013/01;Neg¢cios Tagusg†s 2013/01;;;;;;;;;;;;;
38;OFR3608342;Neg¢cios Total Sonorg†s 2013/01;Contrat†vel;01-02-2013;31-12-9999;Pequenos Neg¢cios;365;Ser∆o debitados, ao cliente, o custo do termo tarif†rio fixo devido para o escal∆o/potància;0;Pontos de entrega no mesmo Local f°sico;-;Segmentaá∆o de cliente;"Peq. Neg¢cios;";-;E+G;Tipo Local Consumo;"Esp Comuns;ComÇrcio;Serviáos;Restauraá∆o;Sv P£blico;Ind£strias;Hotelaria;Lazer;Outros;  ";-;-;Neg¢cios Total 2013/01;CB00493759;Neg¢cios Total;ET06639985;Distribuidor;Sonorg†s;Tipo Local Consumo;"Esp Comuns;ComÇrcio;Serviáos;Restauraá∆o;Sv P£blico;Ind£strias;Hotelaria;Lazer;Outros;Avenáas;PCVE;";Neg¢cios Total Sonorg†s 2013/01;CB01972139;Neg¢cios Total Sonorg†s 2013/01;ET08857555;-;-;-;-;-;-;-;-;-;-;x;Obrigat¢rio;x;Facultativo;x;Facultativo;-;-;-;-;-;-;Neg¢cios 2013/01;Neg¢cios Sonorg†s 2013/01;;;;;;;;;;;;;
39;OFR0576700;Neg¢cios Total Medig†s 2013/01;Contrat†vel;01-02-2013;31-12-9999;Pequenos Neg¢cios;365;Ser∆o debitados, ao cliente, o custo do termo tarif†rio fixo devido para o escal∆o/potància;0;Pontos de entrega no mesmo Local f°sico;-;Segmentaá∆o de cliente;"Peq. Neg¢cios;";-;E+G;Tipo Local Consumo;"Esp Comuns;ComÇrcio;Serviáos;Restauraá∆o;Sv P£blico;Ind£strias;Hotelaria;Lazer;Outros;  ";-;-;Neg¢cios Total 2013/01;CB00401976;Neg¢cios Total;ET06639985;Distribuidor;Medig†s;Tipo Local Consumo;"Esp Comuns;ComÇrcio;Serviáos;Restauraá∆o;Sv P£blico;Ind£strias;Hotelaria;Lazer;Outros;Avenáas;PCVE;";Neg¢cios Total Medig†s 2013/01;CB05941873;Neg¢cios Total Medig†s 2013/01;ET09463884;-;-;-;-;-;-;-;-;-;-;x;Obrigat¢rio;x;Facultativo;x;Facultativo;-;-;-;-;-;-;Neg¢cios 2013/01;Neg¢cios Medig†s 2013/01;;;;;;;;;;;;;
40;OFR8940496;Casa Lisboag†s 2013/01;Contrat†vel;01-02-2013;31-12-9999;Residenciais;365;Ser∆o debitados, ao cliente, o custo do termo tarif†rio fixo devido para o escal∆o/potància;0;-;-;-;-;-;G;-;-;-;-;-;-;-;-;Distribuidor;Lisboag†s;Tipo Local Consumo;"Habitaá∆o;Esp Comuns;";Casa Lisboag†s 2013/01;CB01922218;Casa Lisboag†s 2013/01;ET05036802;-;-;-;-;-;-;-;-;-;-;x;Obrigat¢rio;x;Facultativo;x;Facultativo;-;-;-;-;-;-;N/A;Casa Lisboag†s 2013/01;;;;;;;;;;;;;
41;OFR0460739;Casa edp g†s 2013/01;Contrat†vel;01-02-2013;31-12-9999;Residenciais;365;Ser∆o debitados, ao cliente, o custo do termo tarif†rio fixo devido para o escal∆o/potància;0;-;-;-;-;-;G;-;-;-;-;-;-;-;-;Distribuidor;edp g†s;Tipo Local Consumo;"Habitaá∆o;Esp Comuns;";Casa edp g†s 2013/01;CB03907085;Casa edp g†s 2013/01;ET04829058;-;-;-;-;-;-;-;-;-;-;x;Obrigat¢rio;x;Facultativo;x;Facultativo;-;-;-;-;-;-;N/A;Casa edp g†s 2013/01;;;;;;;;;;;;;
42;OFR7893720;Casa Beirag†s 2013/01;Contrat†vel;01-02-2013;31-12-9999;Residenciais;365;Ser∆o debitados, ao cliente, o custo do termo tarif†rio fixo devido para o escal∆o/potància;0;-;-;-;-;-;G;-;-;-;-;-;-;-;-;Distribuidor;Beirag†s;Tipo Local Consumo;"Habitaá∆o;Esp Comuns;";Casa Beirag†s 2013/01;CB03002014;Casa Beirag†s 2013/01;ET07810780;-;-;-;-;-;-;-;-;-;-;x;Obrigat¢rio;x;Facultativo;x;Facultativo;-;-;-;-;-;-;N/A;Casa Beirag†s 2013/01;;;;;;;;;;;;;
43;OFR1067068;Casa Lusitaniag†s 2013/01;Contrat†vel;01-02-2013;31-12-9999;Residenciais;365;Ser∆o debitados, ao cliente, o custo do termo tarif†rio fixo devido para o escal∆o/potància;0;-;-;-;-;-;G;-;-;-;-;-;-;-;-;Distribuidor;Lusitaniag†s;Tipo Local Consumo;"Habitaá∆o;Esp Comuns;";Casa Lusitaniag†s 2013/01;CB00842423;Casa Lusitaniag†s 2013/01;ET00493759;-;-;-;-;-;-;-;-;-;-;x;Obrigat¢rio;x;Facultativo;x;Facultativo;-;-;-;-;-;-;N/A;Casa Lusitaniag†s 2013/01;;;;;;;;;;;;;
44;OFR2270883;Casa Setg†s 2013/01;Contrat†vel;01-02-2013;31-12-9999;Residenciais;365;Ser∆o debitados, ao cliente, o custo do termo tarif†rio fixo devido para o escal∆o/potància;0;-;-;-;-;-;G;-;-;-;-;-;-;-;-;Distribuidor;Setg†s;Tipo Local Consumo;"Habitaá∆o;Esp Comuns;";Casa Setg†s 2013/01;CB00319035;Casa Setg†s 2013/01;ET03525401;-;-;-;-;-;-;-;-;-;-;x;Obrigat¢rio;x;Facultativo;x;Facultativo;-;-;-;-;-;-;N/A;Casa Setg†s 2013/01;;;;;;;;;;;;;
45;OFR8035424;Casa Paxg†s 2013/01;Contrat†vel;01-02-2013;31-12-9999;Residenciais;365;Ser∆o debitados, ao cliente, o custo do termo tarif†rio fixo devido para o escal∆o/potància;0;-;-;-;-;-;G;-;-;-;-;-;-;-;-;Distribuidor;Paxg†s;Tipo Local Consumo;"Habitaá∆o;Esp Comuns;";Casa Paxg†s 2013/01;CB09239239;Casa Paxg†s 2013/01;ET08334167;-;-;-;-;-;-;-;-;-;-;x;Obrigat¢rio;x;Facultativo;x;Facultativo;-;-;-;-;-;-;N/A;Casa Paxg†s 2013/01;;;;;;;;;;;;;
46;OFR2270883;Casa Durienseg†s 2013/01;Contrat†vel;01-02-2013;31-12-9999;Residenciais;365;Ser∆o debitados, ao cliente, o custo do termo tarif†rio fixo devido para o escal∆o/potància;0;-;-;-;-;-;G;-;-;-;-;-;-;-;-;Distribuidor;Durienseg†s;Tipo Local Consumo;"Habitaá∆o;Esp Comuns;";Casa Durienseg†s 2013/01;CB01747495;Casa Durienseg†s 2013/01;ET04605197;-;-;-;-;-;-;-;-;-;-;x;Obrigat¢rio;x;Facultativo;x;Facultativo;-;-;-;-;-;-;N/A;Casa Durienseg†s 2013/01;;;;;;;;;;;;;
47;OFR3350678;Casa Dianag†s 2013/01;Contrat†vel;01-02-2013;31-12-9999;Residenciais;365;Ser∆o debitados, ao cliente, o custo do termo tarif†rio fixo devido para o escal∆o/potància;0;-;-;-;-;-;G;-;-;-;-;-;-;-;-;Distribuidor;Dianag†s;Tipo Local Consumo;"Habitaá∆o;Esp Comuns;";Casa Dianag†s 2013/01;CB02445606;Casa Dianag†s 2013/01;ET08068444;-;-;-;-;-;-;-;-;-;-;x;Obrigat¢rio;x;Facultativo;x;Facultativo;-;-;-;-;-;-;N/A;Casa Dianag†s 2013/01;;;;;;;;;;;;;
48;OFR8591832;Casa Tagusg†s 2013/01;Contrat†vel;01-02-2013;31-12-9999;Residenciais;365;Ser∆o debitados, ao cliente, o custo do termo tarif†rio fixo devido para o escal∆o/potància;0;-;-;-;-;-;G;-;-;-;-;-;-;-;-;Distribuidor;Tagusg†s;Tipo Local Consumo;"Habitaá∆o;Esp Comuns;";Casa Tagusg†s 2013/01;CB06938728;Casa Tagusg†s 2013/01;ET02968994;-;-;-;-;-;-;-;-;-;-;x;Obrigat¢rio;x;Facultativo;x;Facultativo;-;-;-;-;-;-;N/A;Casa Tagusg†s 2013/01;;;;;;;;;;;;;
49;OFR0842423;Casa Sonorg†s 2013/01;Contrat†vel;01-02-2013;31-12-9999;Residenciais;365;Ser∆o debitados, ao cliente, o custo do termo tarif†rio fixo devido para o escal∆o/potància;0;-;-;-;-;-;G;-;-;-;-;-;-;-;-;Distribuidor;Sonorg†s;Tipo Local Consumo;"Habitaá∆o;Esp Comuns;";Casa Sonorg†s 2013/01;CB02096942;Casa Sonorg†s 2013/01;ET09970370;-;-;-;-;-;-;-;-;-;-;x;Obrigat¢rio;x;Facultativo;x;Facultativo;-;-;-;-;-;-;N/A;Casa Sonorg†s 2013/01;;;;;;;;;;;;;
50;OFR2445606;Casa Medig†s 2013/01;Contrat†vel;01-02-2013;31-12-9999;Residenciais;365;Ser∆o debitados, ao cliente, o custo do termo tarif†rio fixo devido para o escal∆o/potància;0;-;-;-;-;-;G;-;-;-;-;-;-;-;-;Distribuidor;Medig†s;Tipo Local Consumo;"Habitaá∆o;Esp Comuns;";Casa Medig†s 2013/01;CB07287392;Casa Medig†s 2013/01;ET05003782;-;-;-;-;-;-;-;-;-;-;x;Obrigat¢rio;x;Facultativo;x;Facultativo;-;-;-;-;-;-;N/A;Casa Medig†s 2013/01;;;;;;;;;;;;;
51;OFR7860701;Neg¢cios Lisboag†s 2013/01;Contrat†vel;01-02-2013;31-12-9999;Pequenos Neg¢cios;365;Ser∆o debitados, ao cliente, o custo do termo tarif†rio fixo devido para o escal∆o/potància;0;Segmentaá∆o de cliente;"Peq. Neg¢cios;";-;-;-;G;-;-;-;-;-;-;-;-;Distribuidor;Lisboag†s;Tipo Local Consumo;"Restauraá∆o;ComÇrcio;Serviáos;Hotelaria;Outros;Esp Comuns;Sv P£blico;Ind£strias;Lazer;Avenáas;PCVE;";Neg¢cios Lisboag†s 2013/01;CB04513414;Neg¢cios Lisboag†s 2013/01;ET00576700;-;-;-;-;-;-;-;-;-;-;x;Obrigat¢rio;x;Facultativo;x;Facultativo;-;-;-;-;-;-;N/A;Neg¢cios Lisboag†s 2013/01 ;;;;;;;;;;;;;
52;OFR0925364;Neg¢cios edp g†s 2013/01;Contrat†vel;01-02-2013;31-12-9999;Pequenos Neg¢cios;365;Ser∆o debitados, ao cliente, o custo do termo tarif†rio fixo devido para o escal∆o/potància;0;Segmentaá∆o de cliente;"Peq. Neg¢cios;";-;-;-;G;-;-;-;-;-;-;-;-;Distribuidor;edp g†s;Tipo Local Consumo;"Restauraá∆o;ComÇrcio;Serviáos;Hotelaria;Outros;Esp Comuns;Sv P£blico;Ind£strias;Lazer;Avenáas;PCVE;";Neg¢cios edp g†s 2013/01;CB05036802;Neg¢cios edp g†s 2013/01;ET01797416;-;-;-;-;-;-;-;-;-;-;x;Obrigat¢rio;x;Facultativo;x;Facultativo;-;-;-;-;-;-;N/A;Neg¢cios edp g†s 2013/01;;;;;;;;;;;;;
53;OFR5335545;Neg¢cios Beirag†s 2013/01;Contrat†vel;01-02-2013;31-12-9999;Pequenos Neg¢cios;365;Ser∆o debitados, ao cliente, o custo do termo tarif†rio fixo devido para o escal∆o/potància;0;Segmentaá∆o de cliente;"Peq. Neg¢cios;";-;-;-;G;-;-;-;-;-;-;-;-;Distribuidor;Beirag†s;Tipo Local Consumo;"Restauraá∆o;ComÇrcio;Serviáos;Hotelaria;Outros;Esp Comuns;Sv P£blico;Ind£strias;Lazer;Avenáas;PCVE;";Neg¢cios Beirag†s 2013/01;CB08940496;Neg¢cios Beirag†s 2013/01;ET09987271;-;-;-;-;-;-;-;-;-;-;x;Obrigat¢rio;x;Facultativo;x;Facultativo;-;-;-;-;-;-;N/A;Neg¢cios Beirag†s 2013/01;;;;;;;;;;;;;
54;OFR1797416;Neg¢cios Lusitaniag†s 2013/01;Contrat†vel;01-02-2013;31-12-9999;Pequenos Neg¢cios;365;Ser∆o debitados, ao cliente, o custo do termo tarif†rio fixo devido para o escal∆o/potància;0;Segmentaá∆o de cliente;"Peq. Neg¢cios;";-;-;-;G;-;-;-;-;-;-;-;-;Distribuidor;Lusitaniag†s;Tipo Local Consumo;"Restauraá∆o;ComÇrcio;Serviáos;Hotelaria;Outros;Esp Comuns;Sv P£blico;Ind£strias;Lazer;Avenáas;PCVE;";Neg¢cios Lusitaniag†s 2013/01;CB02270883;Neg¢cios Lusitaniag†s 2013/01;ET04305671;-;-;-;-;-;-;-;-;-;-;x;Obrigat¢rio;x;Facultativo;x;Facultativo;-;-;-;-;-;-;N/A;Neg¢cios Lusitaniag†s 2013/01;;;;;;;;;;;;;
55;OFR6415340;Neg¢cios Setg†s 2013/01;Contrat†vel;01-02-2013;31-12-9999;Pequenos Neg¢cios;365;Ser∆o debitados, ao cliente, o custo do termo tarif†rio fixo devido para o escal∆o/potància;0;Segmentaá∆o de cliente;"Peq. Neg¢cios;";-;-;-;G;-;-;-;-;-;-;-;-;Distribuidor;Setg†s;Tipo Local Consumo;"Restauraá∆o;ComÇrcio;Serviáos;Hotelaria;Outros;Esp Comuns;Sv P£blico;Ind£strias;Lazer;Avenáas;PCVE;";Neg¢cios Setg†s 2013/01;CB05560189;Neg¢cios Setg†s 2013/01;ET02005159;-;-;-;-;-;-;-;-;-;-;x;Obrigat¢rio;x;Facultativo;x;Facultativo;-;-;-;-;-;-;N/A;Neg¢cios Setg†s 2013/01;;;;;;;;;;;;;
56;OFR9970370;Neg¢cios Paxg†s 2013/01;Contrat†vel;01-02-2013;31-12-9999;Pequenos Neg¢cios;365;Ser∆o debitados, ao cliente, o custo do termo tarif†rio fixo devido para o escal∆o/potància;0;Segmentaá∆o de cliente;"Peq. Neg¢cios;";-;-;-;G;-;-;-;-;-;-;-;-;Distribuidor;Paxg†s;Tipo Local Consumo;"Restauraá∆o;ComÇrcio;Serviáos;Hotelaria;Outros;Esp Comuns;Sv P£blico;Ind£strias;Lazer;Avenáas;PCVE;";Neg¢cios Paxg†s 2013/01;CB00892344;Neg¢cios Paxg†s 2013/01;ET02877211;-;-;-;-;-;-;-;-;-;-;x;Obrigat¢rio;x;Facultativo;x;Facultativo;-;-;-;-;-;-;N/A;Neg¢cios Paxg†s 2013/01;;;;;;;;;;;;;
57;OFR9446982;Neg¢cios Durienseg†s 2013/01;Contrat†vel;01-02-2013;31-12-9999;Pequenos Neg¢cios;365;Ser∆o debitados, ao cliente, o custo do termo tarif†rio fixo devido para o escal∆o/potància;0;Segmentaá∆o de cliente;"Peq. Neg¢cios;";-;-;-;G;-;-;-;-;-;-;-;-;Distribuidor;Durienseg†s;Tipo Local Consumo;"Restauraá∆o;ComÇrcio;Serviáos;Hotelaria;Outros;Esp Comuns;Sv P£blico;Ind£strias;Lazer;Avenáas;PCVE;";Neg¢cios Durienseg†s 2013/01;CB08334167;Neg¢cios Durienseg†s 2013/01;ET00401976;-;-;-;-;-;-;-;-;-;-;x;Obrigat¢rio;x;Facultativo;x;Facultativo;-;-;-;-;-;-;N/A;Neg¢cios Durienseg†s 2013/01;;;;;;;;;;;;;
58;OFR4605197;Neg¢cios Dianag†s 2013/01;Contrat†vel;01-02-2013;31-12-9999;Pequenos Neg¢cios;365;Ser∆o debitados, ao cliente, o custo do termo tarif†rio fixo devido para o escal∆o/potància;0;Segmentaá∆o de cliente;"Peq. Neg¢cios;";-;-;-;G;-;-;-;-;-;-;-;-;Distribuidor;Dianag†s;Tipo Local Consumo;"Restauraá∆o;ComÇrcio;Serviáos;Hotelaria;Outros;Esp Comuns;Sv P£blico;Ind£strias;Lazer;Avenáas;PCVE;";Neg¢cios Dianag†s 2013/01;CB08068444;Neg¢cios Dianag†s 2013/01;ET00543680;-;-;-;-;-;-;-;-;-;-;x;Obrigat¢rio;x;Facultativo;x;Facultativo;-;-;-;-;-;-;N/A;Neg¢cios Dianag†s 2013/01;;;;;;;;;;;;;
59;OFR0875443;Neg¢cios Tagusg†s 2013/01;Contrat†vel;01-02-2013;31-12-9999;Pequenos Neg¢cios;365;Ser∆o debitados, ao cliente, o custo do termo tarif†rio fixo devido para o escal∆o/potància;0;Segmentaá∆o de cliente;"Peq. Neg¢cios;";-;-;-;G;-;-;-;-;-;-;-;-;Distribuidor;Tagusg†s;Tipo Local Consumo;"Restauraá∆o;ComÇrcio;Serviáos;Hotelaria;Outros;Esp Comuns;Sv P£blico;Ind£strias;Lazer;Avenáas;PCVE;";Neg¢cios Tagusg†s 2013/01;CB07810780;Neg¢cios Tagusg†s 2013/01;ET07163372;-;-;-;-;-;-;-;-;-;-;x;Obrigat¢rio;x;Facultativo;x;Facultativo;-;-;-;-;-;-;N/A;Neg¢cios Tagusg†s 2013/01;;;;;;;;;;;;;
60;OFR4430473;Neg¢cios Sonorg†s 2013/01;Contrat†vel;01-02-2013;31-12-9999;Pequenos Neg¢cios;365;Ser∆o debitados, ao cliente, o custo do termo tarif†rio fixo devido para o escal∆o/potància;0;Segmentaá∆o de cliente;"Peq. Neg¢cios;";-;-;-;G;-;-;-;-;-;-;-;-;Distribuidor;Sonorg†s;Tipo Local Consumo;"Restauraá∆o;ComÇrcio;Serviáos;Hotelaria;Outros;Esp Comuns;Sv P£blico;Ind£strias;Lazer;Avenáas;PCVE;";Neg¢cios Sonorg†s 2013/01;CB07985503;Neg¢cios Sonorg†s 2013/01;ET03608342;-;-;-;-;-;-;-;-;-;-;x;Obrigat¢rio;x;Facultativo;x;Facultativo;-;-;-;-;-;-;N/A;Neg¢cios Sonorg†s 2013/01;;;;;;;;;;;;;
61;OFR8857555;Neg¢cios Medig†s 2013/01;Contrat†vel;01-02-2013;31-12-9999;Pequenos Neg¢cios;365;Ser∆o debitados, ao cliente, o custo do termo tarif†rio fixo devido para o escal∆o/potància;0;Segmentaá∆o de cliente;"Peq. Neg¢cios;";-;-;-;G;-;-;-;-;-;-;-;-;Distribuidor;Medig†s;Tipo Local Consumo;"Restauraá∆o;ComÇrcio;Serviáos;Hotelaria;Outros;Esp Comuns;Sv P£blico;Ind£strias;Lazer;Avenáas;PCVE;";Neg¢cios Medig†s 2013/01;CB06905708;Neg¢cios Medig†s 2013/01;ET07337313;-;-;-;-;-;-;-;-;-;-;x;Obrigat¢rio;x;Facultativo;x;Facultativo;-;-;-;-;-;-;N/A;Neg¢cios Medig†s 2013/01;;;;;;;;;;;;;
62;OFR3300757;Microgeraá∆o;Contrat†vel;01-02-2013;31-12-9999;Residenciais;365;Ser∆o debitados, ao cliente, o custo do termo tarif†rio fixo devido para o escal∆o/potància;0;Pontos de entrega no mesmo Local f°sico;-;-;-;-;E;Tipo Local Consumo;"Habitaá∆o;Esp Comuns;";-;-;Microgeraá∆o;CB04430473;Microgeraá∆o;ET04953861;-;-;-;-;-;-;-;-;-;-;-;-;-;-;-;-;-;-;x;Obrigat¢rio;-;-;x;Facultativo;-;-;-;-;-;-;Microgeraá∆o;N/A;;;;;;;;;;;;;
63;OFR3699342;Microgeraá∆o Total Lisboag†s;Contrat†vel;01-02-2013;31-12-9999;Residenciais;365;Ser∆o debitados, ao cliente, o custo do termo tarif†rio fixo devido para o escal∆o/potància;0;Pontos de entrega no mesmo Local f°sico;-;-;-;-;E+G;Tipo Local Consumo;"Habitaá∆o;Esp Comuns;";-;-;Microgeraá∆o;CB04430473;Microgeraá∆o;ET04953861;Distribuidor;Lisboag†s;-;-;Microgeraá∆o Lisboag†s;CB04555276;Microgeraá∆o Lisboag†s;ET09887429;-;-;-;-;-;-;-;-;-;-;x;Obrigat¢rio;-;-;x;Facultativo;-;-;-;-;-;-;Microgeraá∆o;Casa Lisboag†s 2013/01;;;;;;;;;;;;;
64;OFR3002014;Microgeraá∆o Total edp g†s ;Contrat†vel;01-02-2013;31-12-9999;Residenciais;365;Ser∆o debitados, ao cliente, o custo do termo tarif†rio fixo devido para o escal∆o/potància;0;Pontos de entrega no mesmo Local f°sico;-;-;-;-;E+G;Tipo Local Consumo;"Habitaá∆o;Esp Comuns;";-;-;Microgeraá∆o;CB04430473;Microgeraá∆o;ET04953861;Distribuidor;edp g†s;-;-;Microgeraá∆o edp g†s;CB00967226;Microgeraá∆o edp g†s;ET06938728;-;-;-;-;-;-;-;-;-;-;x;Obrigat¢rio;-;-;x;Facultativo;-;-;-;-;-;-;Microgeraá∆o;Casa edp g†s 2013/01;;;;;;;;;;;;;
65;OFR1839278;Microgeraá∆o Total Beirag†s;Contrat†vel;01-02-2013;31-12-9999;Residenciais;365;Ser∆o debitados, ao cliente, o custo do termo tarif†rio fixo devido para o escal∆o/potància;0;Pontos de entrega no mesmo Local f°sico;-;-;-;-;E+G;Tipo Local Consumo;"Habitaá∆o;Esp Comuns;";-;-;Microgeraá∆o;CB04430473;Microgeraá∆o;ET04953861;Distribuidor;Beirag†s;-;-;Microgeraá∆o Beirag†s;CB01017147;Microgeraá∆o Beirag†s;ET09413963;-;-;-;-;-;-;-;-;-;-;x;Obrigat¢rio;-;-;x;Facultativo;-;-;-;-;-;-;Microgeraá∆o;Casa Beirag†s 2013/01;;;;;;;;;;;;;
66;OFR7429096;Microgeraá∆o Total Lusitaniag†s;Contrat†vel;01-02-2013;31-12-9999;Residenciais;365;Ser∆o debitados, ao cliente, o custo do termo tarif†rio fixo devido para o escal∆o/potància;0;Pontos de entrega no mesmo Local f°sico;-;-;-;-;E+G;Tipo Local Consumo;"Habitaá∆o;Esp Comuns;";-;-;Microgeraá∆o;CB04430473;Microgeraá∆o;ET04953861;Distribuidor;Lusitaniag†s;-;-;Microgeraá∆o Lusitaniag†s;CB03857164;Microgeraá∆o Lusitaniag†s;ET01872297;-;-;-;-;-;-;-;-;-;-;x;Obrigat¢rio;-;-;x;Facultativo;-;-;-;-;-;-;Microgeraá∆o;Casa Lusitaniag†s 2013/01;;;;;;;;;;;;;
67;OFR4347532;Microgeraá∆o Total Setg†s;Contrat†vel;01-02-2013;31-12-9999;Residenciais;365;Ser∆o debitados, ao cliente, o custo do termo tarif†rio fixo devido para o escal∆o/potància;0;Pontos de entrega no mesmo Local f°sico;-;-;-;-;E+G;Tipo Local Consumo;"Habitaá∆o;Esp Comuns;";-;-;Microgeraá∆o;CB04430473;Microgeraá∆o;ET04953861;Distribuidor;Setg†s;-;-;Microgeraá∆o Setg†s;CB09364042;Microgeraá∆o Setg†s;ET06557044;-;-;-;-;-;-;-;-;-;-;x;Obrigat¢rio;-;-;x;Facultativo;-;-;-;-;-;-;Microgeraá∆o;Casa Setg†s 2013/01;;;;;;;;;;;;;
68;OFR7902563;Microgeraá∆o Total Paxg†s;Contrat†vel;01-02-2013;31-12-9999;Residenciais;365;Ser∆o debitados, ao cliente, o custo do termo tarif†rio fixo devido para o escal∆o/potància;0;Pontos de entrega no mesmo Local f°sico;-;-;-;-;E+G;Tipo Local Consumo;"Habitaá∆o;Esp Comuns;";-;-;Microgeraá∆o;CB04430473;Microgeraá∆o;ET04953861;Distribuidor;Paxg†s;-;-;Microgeraá∆o Paxg†s;CB04729216;Microgeraá∆o Paxg†s;ET08541911;-;-;-;-;-;-;-;-;-;-;x;Obrigat¢rio;-;-;x;Facultativo;-;-;-;-;-;-;Microgeraá∆o;Casa Paxg†s 2013/01;;;;;;;;;;;;;
69;OFR9538765;Microgeraá∆o Total Durienseg†s;Contrat†vel;01-02-2013;31-12-9999;Residenciais;365;Ser∆o debitados, ao cliente, o custo do termo tarif†rio fixo devido para o escal∆o/potància;0;Pontos de entrega no mesmo Local f°sico;-;-;-;-;E+G;Tipo Local Consumo;"Habitaá∆o;Esp Comuns;";-;-;Microgeraá∆o;CB04430473;Microgeraá∆o;ET04953861;Distribuidor;Durienseg†s;-;-;Microgeraá∆o Durienseg†s;CB02744349;Microgeraá∆o Durienseg†s;ET05078663;-;-;-;-;-;-;-;-;-;-;x;Obrigat¢rio;-;-;x;Facultativo;-;-;-;-;-;-;Microgeraá∆o;Casa Durienseg†s 2013/01;;;;;;;;;;;;;
70;OFR6507123;Microgeraá∆o Total Dianag†s;Contrat†vel;01-02-2013;31-12-9999;Residenciais;365;Ser∆o debitados, ao cliente, o custo do termo tarif†rio fixo devido para o escal∆o/potància;0;Pontos de entrega no mesmo Local f°sico;-;-;-;-;E+G;Tipo Local Consumo;"Habitaá∆o;Esp Comuns;";-;-;Microgeraá∆o;CB04430473;Microgeraá∆o;ET04953861;Distribuidor;Dianag†s;-;-;Microgeraá∆o Dianag†s;CB08458970;Microgeraá∆o Dianag†s;ET02096942;-;-;-;-;-;-;-;-;-;-;x;Obrigat¢rio;-;-;x;Facultativo;-;-;-;-;-;-;Microgeraá∆o;Casa Dianag†s 2013/01;;;;;;;;;;;;;
71;OFR1889199;Microgeraá∆o Total Tagusg†s;Contrat†vel;01-02-2013;31-12-9999;Residenciais;365;Ser∆o debitados, ao cliente, o custo do termo tarif†rio fixo devido para o escal∆o/potància;0;Pontos de entrega no mesmo Local f°sico;-;-;-;-;E+G;Tipo Local Consumo;"Habitaá∆o;Esp Comuns;";-;-;Microgeraá∆o;CB04430473;Microgeraá∆o;ET04953861;Distribuidor;Tagusg†s;-;-;Microgeraá∆o Tagusg†s;CB00410818;Microgeraá∆o Tagusg†s;ET01523633;-;-;-;-;-;-;-;-;-;-;x;Obrigat¢rio;-;-;x;Facultativo;-;-;-;-;-;-;Microgeraá∆o;Casa Tagusg†s 2013/01;;;;;;;;;;;;;
72;OFR8890575;Microgeraá∆o Total Sonorg†s;Contrat†vel;01-02-2013;31-12-9999;Residenciais;365;Ser∆o debitados, ao cliente, o custo do termo tarif†rio fixo devido para o escal∆o/potància;0;Pontos de entrega no mesmo Local f°sico;-;-;-;-;E+G;Tipo Local Consumo;"Habitaá∆o;Esp Comuns;";-;-;Microgeraá∆o;CB04430473;Microgeraá∆o;ET04953861;Distribuidor;Sonorg†s;-;-;Microgeraá∆o Sonorg†s;CB00792502;Microgeraá∆o Sonorg†s;ET00443838;-;-;-;-;-;-;-;-;-;-;x;Obrigat¢rio;-;-;x;Facultativo;-;-;-;-;-;-;Microgeraá∆o;Casa Sonorg†s 2013/01;;;;;;;;;;;;;
73;OFR2478626;Microgeraá∆o Total Medig†s;Contrat†vel;01-02-2013;31-12-9999;Residenciais;365;Ser∆o debitados, ao cliente, o custo do termo tarif†rio fixo devido para o escal∆o/potància;0;Pontos de entrega no mesmo Local f°sico;-;-;-;-;E+G;Tipo Local Consumo;"Habitaá∆o;Esp Comuns;";-;-;Microgeraá∆o;CB04430473;Microgeraá∆o;ET04953861;Distribuidor;Medig†s;-;-;Microgeraá∆o Medig†s;CB04903940;Microgeraá∆o Medig†s;ET09446982;-;-;-;-;-;-;-;-;-;-;x;Obrigat¢rio;-;-;x;Facultativo;-;-;-;-;-;-;Microgeraá∆o;Casa Medig†s 2013/01;;;;;;;;;;;;;
74;OFR6730984;Casa edp g†s Base 2013/01;Contrat†vel;01-02-2013;31-12-9999;Residenciais;365;Ser∆o debitados, ao cliente, o custo do termo tarif†rio fixo devido para o escal∆o/potància;0;-;-;-;-;-;G;-;-;-;-;-;-;-;-;Distribuidor;edp g†s;Tipo Local Consumo;"Habitaá∆o;Esp Comuns;";Casa edp g†s Base 2013/01;CB05908854;Casa edp g†s Base 2013/01;ET04131730;-;-;-;-;-;-;-;-;-;-;-;-;-;-;x;Facultativo;-;-;-;-;-;-;N/A;Casa edp g†s Base 2013/01;;;;;;;;;;;;;
75;OFR2968994;Neg¢cios edp g†s Base 2013/01;Contrat†vel;01-02-2013;31-12-9999;Pequenos Neg¢cios;365;Ser∆o debitados, ao cliente, o custo do termo tarif†rio fixo devido para o escal∆o/potància;0;Segmentaá∆o de cliente;"Peq. Neg¢cios;";-;-;-;G;-;-;-;-;-;-;-;-;Distribuidor;edp g†s;Tipo Local Consumo;"Restauraá∆o;ComÇrcio;Serviáos;Hotelaria;Outros;Esp Comuns;Sv P£blico;Ind£strias;Lazer;Avenáas;PCVE;";Neg¢cios edp g†s Base 2013/01;CB09671627;Neg¢cios edp g†s Base 2013/01;ET07893720;-;-;-;-;-;-;-;-;-;-;-;-;-;-;x;Facultativo;-;-;-;-;-;-;N/A;Neg¢cios edp g†s Base 2013/01;;;;;;;;;;;;;
76;OFR2686369;Casa 2013/01 Social;Contrat†vel;01-03-2013;31-12-9999;Residenciais;365;Ser∆o debitados, ao cliente, o custo do termo tarif†rio fixo devido para o escal∆o/potància;0;-;-;-;-;-;E;Tipo Local Consumo;"Habitaá∆o;Esp Comuns;";-;-;Casa 2013/01 Social;CB04986881;Casa 2013/01 Social;ET05510268;-;-;-;-;-;-;-;-;;;;;;;;;;;x;Obrigat¢rio;x;Facultativo;x;Facultativo;;;;;;;Casa 2013/01 Social;N/A;;;;;;;;;;;;;
77;OFR0012233;Casa Base 2013/01 Social;Contrat†vel;01-03-2013;31-12-9999;Residenciais;365;Ser∆o debitados, ao cliente, o custo do termo tarif†rio fixo devido para o escal∆o/potància;0;-;-;-;-;-;E;Tipo Local Consumo;"Habitaá∆o;Esp Comuns;";-;-;Casa Base 2013/01 Social;CB07329254;Casa Base 2013/01 Social;ET07669859;-;-;-;-;-;-;-;-;-;-;-;-;-;-;-;-;-;-;-;-;-;-;x;Facultativo;-;-;-;-;-;-;Casa Base 2013/01 Social;N/A;;;;;;;;;;;;;
78;OFR7113451;Casa Total Lisboag†s 2013/01 Social;Contrat†vel;01-03-2013;31-12-9999;Residenciais;365;Ser∆o debitados, ao cliente, o custo do termo tarif†rio fixo devido para o escal∆o/potància;0;Pontos de entrega no mesmo Local f°sico;-;"Eleg°vel para Tarifa Social;";-;Ènico local de consumo com Tarifa Social    ;E+G;Tipo Local Consumo;"Habitaá∆o;Esp Comuns;";-;-;Casa Total 2013/01 Social;CB05543288;Casa Total 2013/01 Social;ET06590064;Distribuidor;Lisboag†s;Tipo Local Consumo;"Habitaá∆o;Esp Comuns;";Casa Total Lisboag†s 2013/01 Social;CB02129962;Casa Total Lisboag†s 2013/01 Social;ET00559798;-;-;-;-;-;-;-;-;-;-;x;Obrigat¢rio;x;Facultativo;x;Facultativo;-;-;-;-;-;-;Casa 2013/01 Social;Casa Lisboag†s 2013/01 Social;;;;;;;;;;;;;
79;OFR2653349;Casa Total edp g†s 2013/01 Social;Contrat†vel;01-03-2013;31-12-9999;Residenciais;365;Ser∆o debitados, ao cliente, o custo do termo tarif†rio fixo devido para o escal∆o/potància;0;Pontos de entrega no mesmo Local f°sico;-;"Eleg°vel para Tarifa Social;";-;Ènico local de consumo com Tarifa Social    ;E+G;Tipo Local Consumo;"Habitaá∆o;Esp Comuns;";-;-;Casa Total 2013/01 Social;CB05543288;Casa Total 2013/01 Social;ET06590064;Distribuidor;edp g†s;Tipo Local Consumo;"Habitaá∆o;Esp Comuns;";Casa Total edp g†s 2013/01 Social;CB08574930;Casa Total edp g†s 2013/01 Social;ET00145095;-;-;-;-;-;-;-;-;-;-;x;Obrigat¢rio;x;Facultativo;x;Facultativo;-;-;-;-;-;-;Casa 2013/01 Social;Casa edp g†s 2013/01 Social;;;;;;;;;;;;;
80;OFR4463493;Casa Total Beirag†s 2013/01 Social;Contrat†vel;01-03-2013;31-12-9999;Residenciais;365;Ser∆o debitados, ao cliente, o custo do termo tarif†rio fixo devido para o escal∆o/potància;0;Pontos de entrega no mesmo Local f°sico;-;"Eleg°vel para Tarifa Social;";-;Ènico local de consumo com Tarifa Social    ;E+G;Tipo Local Consumo;"Habitaá∆o;Esp Comuns;";-;-;Casa Total 2013/01 Social;CB05543288;Casa Total 2013/01 Social;ET06590064;Distribuidor;Beirag†s;Tipo Local Consumo;"Habitaá∆o;Esp Comuns;";Casa Total Beirag†s 2013/01 Social;CB09654726;Casa Total Beirag†s 2013/01 Social;ET05161604;-;-;-;-;-;-;-;-;-;-;x;Obrigat¢rio;x;Facultativo;x;Facultativo;-;-;-;-;-;-;Casa 2013/01 Social;Casa Beirag†s 2013/01 Social;;;;;;;;;;;;;
81;OFR9098318;Casa Total Lusitaniag†s 2013/01 Social;Contrat†vel;01-03-2013;31-12-9999;Residenciais;365;Ser∆o debitados, ao cliente, o custo do termo tarif†rio fixo devido para o escal∆o/potància;0;Pontos de entrega no mesmo Local f°sico;-;"Eleg°vel para Tarifa Social;";-;Ènico local de consumo com Tarifa Social    ;E+G;Tipo Local Consumo;"Habitaá∆o;Esp Comuns;";-;-;Casa Total 2013/01 Social;CB05543288;Casa Total 2013/01 Social;ET06590064;Distribuidor;Lusitaniag†s;Tipo Local Consumo;"Habitaá∆o;Esp Comuns;";Casa Total Lusitaniag†s 2013/01 Social;CB07146471;Casa Total Lusitaniag†s 2013/01 Social;ET05543288;-;-;-;-;-;-;-;-;-;-;x;Obrigat¢rio;x;Facultativo;x;Facultativo;-;-;-;-;-;-;Casa 2013/01 Social;Casa Lusitaniag†s 2013/01 Social;;;;;;;;;;;;;
82;OFR0559798;Casa Total Setg†s 2013/01 Social;Contrat†vel;01-03-2013;31-12-9999;Residenciais;365;Ser∆o debitados, ao cliente, o custo do termo tarif†rio fixo devido para o escal∆o/potància;0;Pontos de entrega no mesmo Local f°sico;-;"Eleg°vel para Tarifa Social;";-;Ènico local de consumo com Tarifa Social    ;E+G;Tipo Local Consumo;"Habitaá∆o;Esp Comuns;";-;-;Casa Total 2013/01 Social;CB05543288;Casa Total 2013/01 Social;ET06590064;Distribuidor;Setg†s;Tipo Local Consumo;"Habitaá∆o;Esp Comuns;";Casa Total Setg†s 2013/01 Social;CB05718012;Casa Total Setg†s 2013/01 Social;ET09621706;-;-;-;-;-;-;-;-;-;-;x;Obrigat¢rio;x;Facultativo;x;Facultativo;-;-;-;-;-;-;Casa 2013/01 Social;Casa Setg†s 2013/01 Social;;;;;;;;;;;;;
83;OFR8541911;Casa Total Paxg†s 2013/01 Social;Contrat†vel;01-03-2013;31-12-9999;Residenciais;365;Ser∆o debitados, ao cliente, o custo do termo tarif†rio fixo devido para o escal∆o/potància;0;Pontos de entrega no mesmo Local f°sico;-;"Eleg°vel para Tarifa Social;";-;Ènico local de consumo com Tarifa Social    ;E+G;Tipo Local Consumo;"Habitaá∆o;Esp Comuns;";-;-;Casa Total 2013/01 Social;CB05543288;Casa Total 2013/01 Social;ET06590064;Distribuidor;Paxg†s;Tipo Local Consumo;"Habitaá∆o;Esp Comuns;";Casa Total Paxg†s 2013/01 Social;CB07113451;Casa Total Paxg†s 2013/01 Social;ET03209757;-;-;-;-;-;-;-;-;-;-;x;Obrigat¢rio;x;Facultativo;x;Facultativo;-;-;-;-;-;-;Casa 2013/01 Social;Casa Paxg†s 2013/01 Social;;;;;;;;;;;;;
84;OFR6241399;Casa Total Durienseg†s 2013/01 Social;Contrat†vel;01-03-2013;31-12-9999;Residenciais;365;Ser∆o debitados, ao cliente, o custo do termo tarif†rio fixo devido para o escal∆o/potància;0;Pontos de entrega no mesmo Local f°sico;-;"Eleg°vel para Tarifa Social;";-;Ènico local de consumo com Tarifa Social    ;E+G;Tipo Local Consumo;"Habitaá∆o;Esp Comuns;";-;-;Casa Total 2013/01 Social;CB05543288;Casa Total 2013/01 Social;ET06590064;Distribuidor;Durienseg†s;Tipo Local Consumo;"Habitaá∆o;Esp Comuns;";Casa Total Durienseg†s 2013/01 Social;CB04463493;Casa Total Durienseg†s 2013/01 Social;ET09098318;-;-;-;-;-;-;-;-;-;-;x;Obrigat¢rio;x;Facultativo;x;Facultativo;-;-;-;-;-;-;Casa 2013/01 Social;Casa Durienseg†s 2013/01 Social;;;;;;;;;;;;;
85;OFR5543288;Casa Total Dianag†s 2013/01 Social;Contrat†vel;01-03-2013;31-12-9999;Residenciais;365;Ser∆o debitados, ao cliente, o custo do termo tarif†rio fixo devido para o escal∆o/potància;0;Pontos de entrega no mesmo Local f°sico;-;"Eleg°vel para Tarifa Social;";-;Ènico local de consumo com Tarifa Social    ;E+G;Tipo Local Consumo;"Habitaá∆o;Esp Comuns;";-;-;Casa Total 2013/01 Social;CB05543288;Casa Total 2013/01 Social;ET06590064;Distribuidor;Dianag†s;Tipo Local Consumo;"Habitaá∆o;Esp Comuns;";Casa Total Dianag†s 2013/01 Social;CB06623083;Casa Total Dianag†s 2013/01 Social;ET02129962;-;-;-;-;-;-;-;-;-;-;x;Obrigat¢rio;x;Facultativo;x;Facultativo;-;-;-;-;-;-;Casa 2013/01 Social;Casa Dianag†s 2013/01 Social;;;;;;;;;;;;;
86;OFR7146471;Casa Total Tagusg†s 2013/01 Social;Contrat†vel;01-03-2013;31-12-9999;Residenciais;365;Ser∆o debitados, ao cliente, o custo do termo tarif†rio fixo devido para o escal∆o/potància;0;Pontos de entrega no mesmo Local f°sico;-;"Eleg°vel para Tarifa Social;";-;Ènico local de consumo com Tarifa Social    ;E+G;Tipo Local Consumo;"Habitaá∆o;Esp Comuns;";-;-;Casa Total 2013/01 Social;CB05543288;Casa Total 2013/01 Social;ET06590064;Distribuidor;Tagusg†s;Tipo Local Consumo;"Habitaá∆o;Esp Comuns;";Casa Total Tagusg†s 2013/01 Social;CB09621706;Casa Total Tagusg†s 2013/01 Social;ET08018523;-;-;-;-;-;-;-;-;-;-;x;Obrigat¢rio;x;Facultativo;x;Facultativo;-;-;-;-;-;-;Casa 2013/01 Social;Casa Tagusg†s 2013/01 Social;;;;;;;;;;;;;
87;OFR8749654;Casa Total Sonorg†s 2013/01 Social;Contrat†vel;01-03-2013;31-12-9999;Residenciais;365;Ser∆o debitados, ao cliente, o custo do termo tarif†rio fixo devido para o escal∆o/potància;0;Pontos de entrega no mesmo Local f°sico;-;"Eleg°vel para Tarifa Social;";-;Ènico local de consumo com Tarifa Social    ;E+G;Tipo Local Consumo;"Habitaá∆o;Esp Comuns;";-;-;Casa Total 2013/01 Social;CB05543288;Casa Total 2013/01 Social;ET06590064;Distribuidor;Sonorg†s;Tipo Local Consumo;"Habitaá∆o;Esp Comuns;";Casa Total Sonorg†s 2013/01 Social;CB09098318;Casa Total Sonorg†s 2013/01 Social;ET08193247;-;-;-;-;-;-;-;-;-;-;x;Obrigat¢rio;x;Facultativo;x;Facultativo;-;-;-;-;-;-;Casa 2013/01 Social;Casa Sonorg†s 2013/01 Social;;;;;;;;;;;;;
88;OFR6066676;Casa Total Medig†s 2013/01 Social;Contrat†vel;01-03-2013;31-12-9999;Residenciais;365;Ser∆o debitados, ao cliente, o custo do termo tarif†rio fixo devido para o escal∆o/potància;0;Pontos de entrega no mesmo Local f°sico;-;"Eleg°vel para Tarifa Social;";-;Ènico local de consumo com Tarifa Social    ;E+G;Tipo Local Consumo;"Habitaá∆o;Esp Comuns;";-;-;Casa Total 2013/01 Social;CB05543288;Casa Total 2013/01 Social;ET06590064;Distribuidor;Medig†s;Tipo Local Consumo;"Habitaá∆o;Esp Comuns;";Casa Total Medig†s 2013/01 Social;CB01781297;Casa Total Medig†s 2013/01 Social;ET04114829;-;-;-;-;-;-;-;-;-;-;x;Obrigat¢rio;x;Facultativo;x;Facultativo;-;-;-;-;-;-;Casa 2013/01 Social;Casa Medig†s 2013/01 Social ;;;;;;;;;;;;;
89;OFR9837508;Casa Lisboag†s 2013/01 Social;Contrat†vel;01-03-2013;31-12-9999;Residenciais;365;Ser∆o debitados, ao cliente, o custo do termo tarif†rio fixo devido para o escal∆o/potància;0;"Eleg°vel para Tarifa Social;";-;Ènico local de consumo com Tarifa Social    ;-;-;G;-;-;-;-;-;-;-;-;Distribuidor;Lisboag†s;Tipo Local Consumo;"Habitaá∆o;Esp Comuns;";Casa Lisboag†s 2013/01 Social;CB00145095;Casa Lisboag†s 2013/01 Social;ET02520488;-;-;-;-;-;-;-;-;-;-;x;Obrigat¢rio;x;Facultativo;x;Facultativo;-;-;-;-;-;-;N/A;Casa Lisboag†s 2013/01 Social;;;;;;;;;;;;;
90;OFR6980590;Casa edp g†s 2013/01 Social;Contrat†vel;01-03-2013;31-12-9999;Residenciais;365;Ser∆o debitados, ao cliente, o custo do termo tarif†rio fixo devido para o escal∆o/potància;0;"Eleg°vel para Tarifa Social;";-;Ènico local de consumo com Tarifa Social    ;-;-;G;-;-;-;-;-;-;-;-;Distribuidor;edp g†s;Tipo Local Consumo;"Habitaá∆o;Esp Comuns;";Casa edp g†s 2013/01 Social;CB08790733;Casa edp g†s 2013/01 Social;ET05684992;-;-;-;-;-;-;-;-;-;-;x;Obrigat¢rio;x;Facultativo;x;Facultativo;-;-;-;-;-;-;N/A;Casa edp g†s 2013/01 Social;;;;;;;;;;;;;
91;OFR1789357;Casa Beirag†s 2013/01 Social;Contrat†vel;01-03-2013;31-12-9999;Residenciais;365;Ser∆o debitados, ao cliente, o custo do termo tarif†rio fixo devido para o escal∆o/potància;0;"Eleg°vel para Tarifa Social;";-;Ènico local de consumo com Tarifa Social    ;-;-;G;-;-;-;-;-;-;-;-;Distribuidor;Beirag†s;Tipo Local Consumo;"Habitaá∆o;Esp Comuns;";Casa Beirag†s 2013/01 Social;CB05161604;Casa Beirag†s 2013/01 Social;ET00012233;-;-;-;-;-;-;-;-;-;-;x;Obrigat¢rio;x;Facultativo;x;Facultativo;-;-;-;-;-;-;N/A;Casa Beirag†s 2013/01 Social;;;;;;;;;;;;;
92;OFR1440692;Casa Lusitaniag†s 2013/01 Social;Contrat†vel;01-03-2013;31-12-9999;Residenciais;365;Ser∆o debitados, ao cliente, o custo do termo tarif†rio fixo devido para o escal∆o/potància;0;"Eleg°vel para Tarifa Social;";-;Ènico local de consumo com Tarifa Social    ;-;-;G;-;-;-;-;-;-;-;-;Distribuidor;Lusitaniag†s;Tipo Local Consumo;"Habitaá∆o;Esp Comuns;";Casa Lusitaniag†s 2013/01 Social;CB00884285;Casa Lusitaniag†s 2013/01 Social;ET08932437;-;-;-;-;-;-;-;-;-;-;x;Obrigat¢rio;x;Facultativo;x;Facultativo;-;-;-;-;-;-;N/A;Casa Lusitaniag†s 2013/01 Social;;;;;;;;;;;;;
93;OFR6457202;Casa Setg†s 2013/01 Social;Contrat†vel;01-03-2013;31-12-9999;Residenciais;365;Ser∆o debitados, ao cliente, o custo do termo tarif†rio fixo devido para o escal∆o/potància;0;"Eleg°vel para Tarifa Social;";-;Ènico local de consumo com Tarifa Social    ;-;-;G;-;-;-;-;-;-;-;-;Distribuidor;Setg†s;Tipo Local Consumo;"Habitaá∆o;Esp Comuns;";Casa Setg†s 2013/01 Social;CB01440692;Casa Setg†s 2013/01 Social;ET06623083;-;-;-;-;-;-;-;-;-;-;x;Obrigat¢rio;x;Facultativo;x;Facultativo;-;-;-;-;-;-;N/A;Casa Setg†s 2013/01 Social;;;;;;;;;;;;;
94;OFR8060385;Casa Paxg†s 2013/01 Social;Contrat†vel;01-03-2013;31-12-9999;Residenciais;365;Ser∆o debitados, ao cliente, o custo do termo tarif†rio fixo devido para o escal∆o/potància;0;"Eleg°vel para Tarifa Social;";-;Ènico local de consumo com Tarifa Social    ;-;-;G;-;-;-;-;-;-;-;-;Distribuidor;Paxg†s;Tipo Local Consumo;"Habitaá∆o;Esp Comuns;";Casa Paxg†s 2013/01 Social;CB02378784;Casa Paxg†s 2013/01 Social;ET03558421;-;-;-;-;-;-;-;-;-;-;x;Obrigat¢rio;x;Facultativo;x;Facultativo;-;-;-;-;-;-;N/A;Casa Paxg†s 2013/01 Social;;;;;;;;;;;;;
95;OFR7329254;Casa Durienseg†s 2013/01 Social;Contrat†vel;01-03-2013;31-12-9999;Residenciais;365;Ser∆o debitados, ao cliente, o custo do termo tarif†rio fixo devido para o escal∆o/potància;0;"Eleg°vel para Tarifa Social;";-;Ènico local de consumo com Tarifa Social    ;-;-;G;-;-;-;-;-;-;-;-;Distribuidor;Durienseg†s;Tipo Local Consumo;"Habitaá∆o;Esp Comuns;";Casa Durienseg†s 2013/01 Social;CB02686369;Casa Durienseg†s 2013/01 Social;ET08409049;-;-;-;-;-;-;-;-;-;-;x;Obrigat¢rio;x;Facultativo;x;Facultativo;-;-;-;-;-;-;N/A;Casa Durienseg†s 2013/01 Social;;;;;;;;;;;;;
96;OFR0568640;Casa Dianag†s 2013/01 Social;Contrat†vel;01-03-2013;31-12-9999;Residenciais;365;Ser∆o debitados, ao cliente, o custo do termo tarif†rio fixo devido para o escal∆o/potància;0;"Eleg°vel para Tarifa Social;";-;Ènico local de consumo com Tarifa Social    ;-;-;G;-;-;-;-;-;-;-;-;Distribuidor;Dianag†s;Tipo Local Consumo;"Habitaá∆o;Esp Comuns;";Casa Dianag†s 2013/01 Social;CB03209757;Casa Dianag†s 2013/01 Social;ET08965456;-;-;-;-;-;-;-;-;-;-;x;Obrigat¢rio;x;Facultativo;x;Facultativo;-;-;-;-;-;-;N/A;Casa Dianag†s 2013/01 Social;;;;;;;;;;;;;
97;OFR8409049;Casa Tagusg†s 2013/01 Social;Contrat†vel;01-03-2013;31-12-9999;Residenciais;365;Ser∆o debitados, ao cliente, o custo do termo tarif†rio fixo devido para o escal∆o/potància;0;"Eleg°vel para Tarifa Social;";-;Ènico local de consumo com Tarifa Social    ;-;-;G;-;-;-;-;-;-;-;-;Distribuidor;Tagusg†s;Tipo Local Consumo;"Habitaá∆o;Esp Comuns;";Casa Tagusg†s 2013/01 Social;CB03425559;Casa Tagusg†s 2013/01 Social;ET02511646;-;-;-;-;-;-;-;-;-;-;x;Obrigat¢rio;x;Facultativo;x;Facultativo;-;-;-;-;-;-;N/A;Casa Tagusg†s 2013/01 Social;;;;;;;;;;;;;
98;OFR3425559;Casa Sonorg†s 2013/01 Social;Contrat†vel;01-03-2013;31-12-9999;Residenciais;365;Ser∆o debitados, ao cliente, o custo do termo tarif†rio fixo devido para o escal∆o/potància;0;"Eleg°vel para Tarifa Social;";-;Ènico local de consumo com Tarifa Social    ;-;-;G;-;-;-;-;-;-;-;-;Distribuidor;Sonorg†s;Tipo Local Consumo;"Habitaá∆o;Esp Comuns;";Casa Sonorg†s 2013/01 Social;CB03558421;Casa Sonorg†s 2013/01 Social;ET03600283;-;-;-;-;-;-;-;-;-;-;x;Obrigat¢rio;x;Facultativo;x;Facultativo;-;-;-;-;-;-;N/A;Casa Sonorg†s 2013/01 Social;;;;;;;;;;;;;
99;OFR7885661;Casa Medig†s 2013/01 Social ;Contrat†vel;01-03-2013;31-12-9999;Residenciais;365;Ser∆o debitados, ao cliente, o custo do termo tarif†rio fixo devido para o escal∆o/potància;0;"Eleg°vel para Tarifa Social;";-;Ènico local de consumo com Tarifa Social    ;-;-;G;-;-;-;-;-;-;-;-;Distribuidor;Medig†s;Tipo Local Consumo;"Habitaá∆o;Esp Comuns;";Casa Medig†s 2013/01 Social ;CB05684992;Casa Medig†s 2013/01 Social ;ET03392540;-;-;-;-;-;-;-;-;-;-;x;Obrigat¢rio;x;Facultativo;x;Facultativo;-;-;-;-;-;-;N/A;Casa Medig†s 2013/01 Social ;;;;;;;;;;;;;
100;OFR8923595;Casa edp g†s Base 2013/01 Social;Contrat†vel;01-03-2013;31-12-9999;Residenciais;365;Ser∆o debitados, ao cliente, o custo do termo tarif†rio fixo devido para o escal∆o/potància;0;"Eleg°vel para Tarifa Social;";-;Ènico local de consumo com Tarifa Social    ;-;-;G;-;-;-;-;-;-;-;-;Distribuidor;edp g†s;Tipo Local Consumo;"Habitaá∆o;Esp Comuns;";Casa edp g†s Base 2013/01 Social;CB08790733;Casa edp g†s Base 2013/01 Social;ET05684992;-;-;-;-;-;-;-;-;-;-;-;-;-;-;x;Facultativo;-;-;-;-;-;-;N/A;Casa edp g†s Base 2013/01 Social;;;;;;;;;;;;;
101;OFR0543680;Casa Total Click edp g†s;Contrat†vel;01-05-2013;31-12-9999;Residenciais;365;Ser∆o debitados, ao cliente, o custo do termo tarif†rio fixo devido para o escal∆o/potància;0;Pontos de entrega no mesmo Local f°sico;-;-;-;-;G+E;Tipo Local Consumo;"Habitaá∆o;Esp Comuns;";-;-;CASA TOTAL CLICK;CB02769310;CASA TOTAL CLICK;ET06847728;Distribuidor;edp g†s;Tipo Local Consumo;"Habitaá∆o;Esp Comuns;";CASA TOTAL CLICK EDPGµS;CB07752799;CASA TOTAL CLICK EDPGµS;ET07512037;-;-;-;-;-;-;-;-;-;-;x;Obrigat¢rio;-;-;x;Facultativo;-;-;-;-;-;-;Casa Click;Casa edp g†s 2013/01;;;;;;;;;;;;;
102;OFR2844191;Casa Total Click Paxg†s;Contrat†vel;01-05-2013;31-12-9999;Residenciais;365;Ser∆o debitados, ao cliente, o custo do termo tarif†rio fixo devido para o escal∆o/potància;0;Pontos de entrega no mesmo Local f°sico;-;-;-;-;G+E;Tipo Local Consumo;"Habitaá∆o;Esp Comuns;";-;-;CASA TOTAL CLICK;CB02769310;CASA TOTAL CLICK;ET06847728;Distribuidor;Paxg†s;Tipo Local Consumo;"Habitaá∆o;Esp Comuns;";CASA TOTAL CLICK PAXGµS;CB07262431;CASA TOTAL CLICK PAXGµS;ET08384088;-;-;-;-;-;-;-;-;-;-;x;Obrigat¢rio;-;-;x;Facultativo;-;-;-;-;-;-;Casa Click;Casa paxg†s 2013/01;;;;;;;;;;;;;
103;OFR5527170;Casa Total Click Lusitaniag†s;Contrat†vel;01-05-2013;31-12-9999;Residenciais;365;Ser∆o debitados, ao cliente, o custo do termo tarif†rio fixo devido para o escal∆o/potància;0;Pontos de entrega no mesmo Local f°sico;-;-;-;-;G+E;Tipo Local Consumo;"Habitaá∆o;Esp Comuns;";-;-;CASA TOTAL CLICK;CB02769310;CASA TOTAL CLICK;ET06847728;Distribuidor;Lusitaniag†s;Tipo Local Consumo;"Habitaá∆o;Esp Comuns;";CASA TOTAL CLICK LUSITANIAGµS;CB07927523;CASA TOTAL CLICK LUSITANIAGµS;ET09289160;-;-;-;-;-;-;-;-;-;-;x;Obrigat¢rio;-;-;x;Facultativo;-;-;-;-;-;-;Casa Click;Casa Lusitaniag†s 2013/01;;;;;;;;;;;;;
104;OFR9812548;Casa Total Click Medig†s;Contrat†vel;01-05-2013;31-12-9999;Residenciais;365;Ser∆o debitados, ao cliente, o custo do termo tarif†rio fixo devido para o escal∆o/potància;0;Pontos de entrega no mesmo Local f°sico;-;-;-;-;G+E;Tipo Local Consumo;"Habitaá∆o;Esp Comuns;";-;-;CASA TOTAL CLICK;CB02769310;CASA TOTAL CLICK;ET06847728;Distribuidor;Medig†s;Tipo Local Consumo;"Habitaá∆o;Esp Comuns;";CASA TOTAL CLICK MEDIGµS;CB05244545;CASA TOTAL CLICK MEDIGµS;ET02844191;-;-;-;-;-;-;-;-;-;-;x;Obrigat¢rio;-;-;x;Facultativo;-;-;-;-;-;-;Casa Click;Casa Medig†s 2013/01;;;;;;;;;;;;;
105;OFR1972139;Casa Total Click Lisboag†s;Contrat†vel;01-05-2013;31-12-9999;Residenciais;365;Ser∆o debitados, ao cliente, o custo do termo tarif†rio fixo devido para o escal∆o/potància;0;Pontos de entrega no mesmo Local f°sico;-;-;-;-;G+E;Tipo Local Consumo;"Habitaá∆o;Esp Comuns;";-;-;CASA TOTAL CLICK;CB02769310;CASA TOTAL CLICK;ET06847728;Distribuidor;Lisboag†s;Tipo Local Consumo;"Habitaá∆o;Esp Comuns;";CASA TOTAL CLICK LISBOAGµS;CB00817463;CASA TOTAL CLICK LISBOAGµS ;ET02495527;-;-;-;-;-;-;-;-;-;-;x;Obrigat¢rio;-;-;x;Facultativo;-;-;-;-;-;-;Casa Click;Casa Lisboag†s 2013/01;;;;;;;;;;;;;
106;OFR4829058;Casa Total Click Durienseg†s;Contrat†vel;01-05-2013;31-12-9999;Residenciais;365;Ser∆o debitados, ao cliente, o custo do termo tarif†rio fixo devido para o escal∆o/potància;0;Pontos de entrega no mesmo Local f°sico;-;-;-;-;G+E;Tipo Local Consumo;"Habitaá∆o;Esp Comuns;";-;-;CASA TOTAL CLICK;CB02769310;CASA TOTAL CLICK;ET06847728;Distribuidor;Durienseg†s;Tipo Local Consumo;"Habitaá∆o;Esp Comuns;";CASA TOTAL CLICK DURIENSEGµS;CB09214279;CASA TOTAL CLICK DURIENSEGµS;ET00925364;-;-;-;-;-;-;-;-;-;-;x;Obrigat¢rio;-;-;x;Facultativo;-;-;-;-;-;-;Casa Click;Casa Durienseg†s 2013/01;;;;;;;;;;;;;
107;OFR9496903;Casa Total Click Dianag†s;Contrat†vel;01-05-2013;31-12-9999;Residenciais;365;Ser∆o debitados, ao cliente, o custo do termo tarif†rio fixo devido para o escal∆o/potància;0;Pontos de entrega no mesmo Local f°sico;-;-;-;-;G+E;Tipo Local Consumo;"Habitaá∆o;Esp Comuns;";-;-;CASA TOTAL CLICK;CB02769310;CASA TOTAL CLICK;ET06847728;Distribuidor;Dianag†s;Tipo Local Consumo;"Habitaá∆o;Esp Comuns;";CASA TOTAL CLICK DIANAGµS;CB06706024;CASA TOTAL CLICK DIANAGµS;ET05626229;-;-;-;-;-;-;-;-;-;-;x;Obrigat¢rio;-;-;x;Facultativo;-;-;-;-;-;-;Casa Click;Casa Dianag†s 2013/01;;;;;;;;;;;;;
108;OFR8384088;Casa Total Click Beirag†s;Contrat†vel;01-05-2013;31-12-9999;Residenciais;365;Ser∆o debitados, ao cliente, o custo do termo tarif†rio fixo devido para o escal∆o/potància;0;Pontos de entrega no mesmo Local f°sico;-;-;-;-;G+E;Tipo Local Consumo;"Habitaá∆o;Esp Comuns;";-;-;CASA TOTAL CLICK;CB02769310;CASA TOTAL CLICK;ET06847728;Distribuidor;Beirag†s;Tipo Local Consumo;"Habitaá∆o;Esp Comuns;";CASA TOTAL CLICK BEIRAGµS;CB02944033;CASA TOTAL CLICK BEIRAGµS ;ET03641362;-;-;-;-;-;-;-;-;-;-;x;Obrigat¢rio;-;-;x;Facultativo;-;-;-;-;-;-;Casa Click;Casa Beirag†s 2013/01;;;;;;;;;;;;;
109;OFR7479017;Casa Total Click Tagusg†s;Contrat†vel;01-05-2013;31-12-9999;Residenciais;365;Ser∆o debitados, ao cliente, o custo do termo tarif†rio fixo devido para o escal∆o/potància;0;Pontos de entrega no mesmo Local f°sico;-;-;-;-;G+E;Tipo Local Consumo;"Habitaá∆o;Esp Comuns;";-;-;CASA TOTAL CLICK;CB02769310;CASA TOTAL CLICK;ET06847728;Distribuidor;Tagusg†s;Tipo Local Consumo;"Habitaá∆o;Esp Comuns;";CASA TOTAL CLICK TAGUSGµS;CB09704647;CASA TOTAL CLICK TAGUSGµS;ET03400599;-;-;-;-;-;-;-;-;-;-;x;Obrigat¢rio;-;-;x;Facultativo;-;-;-;-;-;-;Casa Click;Casa Tagusg†s 2013/01;;;;;;;;;;;;;
110;OFR3433619;Casa Total Click Setg†s;Contrat†vel;01-05-2013;31-12-9999;Residenciais;365;Ser∆o debitados, ao cliente, o custo do termo tarif†rio fixo devido para o escal∆o/potància;0;Pontos de entrega no mesmo Local f°sico;-;-;-;-;G+E;Tipo Local Consumo;"Habitaá∆o;Esp Comuns;";-;-;CASA TOTAL CLICK;CB02769310;CASA TOTAL CLICK;ET06847728;Distribuidor;Setg†s;Tipo Local Consumo;"Habitaá∆o;Esp Comuns;";CASA TOTAL CLICK SETGµS;CB04721157;CASA TOTAL CLICK SETGµS ;ET08940496;-;-;-;-;-;-;-;-;-;-;x;Obrigat¢rio;-;-;x;Facultativo;-;-;-;-;-;-;Casa Click;Casa Setg†s 2013/01;;;;;;;;;;;;;
111;OFR3400599;Casa Total Click Sonorg†s;Contrat†vel;01-05-2013;31-12-9999;Residenciais;365;Ser∆o debitados, ao cliente, o custo do termo tarif†rio fixo devido para o escal∆o/potància;0;Pontos de entrega no mesmo Local f°sico;-;-;-;-;G+E;Tipo Local Consumo;"Habitaá∆o;Esp Comuns;";-;-;CASA TOTAL CLICK;CB02769310;CASA TOTAL CLICK;ET06847728;Distribuidor;Sonorg†s;Tipo Local Consumo;"Habitaá∆o;Esp Comuns;";CASA TOTAL CLICK SONORGµS;CB00784443;CASA TOTAL CLICK SONORGµS;ET09845568;-;-;-;-;-;-;-;-;-;-;x;Obrigat¢rio;-;-;x;Facultativo;-;-;-;-;-;-;Casa Click;Casa Sonorg†s  2013/01;;;;;;;;;;;;;
112;OFR8765772;Casa Total Click Setg†s Social;Contrat†vel;01-05-2013;31-12-9999;Residenciais;365;Ser∆o debitados, ao cliente, o custo do termo tarif†rio fixo devido para o escal∆o/potància;0;Pontos de entrega no mesmo Local f°sico;-;"Eleg°vel para Tarifa Social;";-;Ènico local de consumo com Tarifa Social    ;G+E;Tipo Local Consumo;"Habitaá∆o;Esp Comuns;";-;-;CASA TOTAL CLICK SOCIAL;CB03641362;CASA TOTAL CLICK SOCIAL;ET03923987;Distribuidor;Setg†s;Tipo Local Consumo;"Habitaá∆o;Esp Comuns;";CASA TOTAL CLICK SOCIAL SETGµS;CB08799575;CASA TOTAL CLICK SOCIAL SETGµS;ET03575322;-;-;-;-;-;-;-;-;-;-;x;Obrigat¢rio;-;-;x;Facultativo;-;-;-;-;-;-;Casa Click;Casa Setg†s 2013/01 Social;;;;;;;;;;;;;
113;OFR3117974;Casa Total Click edp g†s Social;Contrat†vel;01-05-2013;31-12-9999;Residenciais;365;Ser∆o debitados, ao cliente, o custo do termo tarif†rio fixo devido para o escal∆o/potància;0;Pontos de entrega no mesmo Local f°sico;-;"Eleg°vel para Tarifa Social;";-;Ènico local de consumo com Tarifa Social    ;G+E;Tipo Local Consumo;"Habitaá∆o;Esp Comuns;";-;-;CASA TOTAL CLICK SOCIAL;CB03641362;CASA TOTAL CLICK SOCIAL;ET03923987;Distribuidor;edp g†s;Tipo Local Consumo;"Habitaá∆o;Esp Comuns;";CASA TOTAL CLICK SOCIAL EDPGµS;CB08276187;CASA TOTAL CLICK SOCIAL EDPGµS;ET06083577;-;-;-;-;-;-;-;-;-;-;x;Obrigat¢rio;-;-;x;Facultativo;-;-;-;-;-;-;Casa Click;Casa edp g†s 2013/01 Social;;;;;;;;;;;;;
114;OFR2877211;Casa Total Click Paxg†s Social;Contrat†vel;01-05-2013;31-12-9999;Residenciais;365;Ser∆o debitados, ao cliente, o custo do termo tarif†rio fixo devido para o escal∆o/potància;0;Pontos de entrega no mesmo Local f°sico;-;"Eleg°vel para Tarifa Social;";-;Ènico local de consumo com Tarifa Social    ;G+E;Tipo Local Consumo;"Habitaá∆o;Esp Comuns;";-;-;CASA TOTAL CLICK SOCIAL;CB03641362;CASA TOTAL CLICK SOCIAL;ET03923987;Distribuidor;Paxg†s;Tipo Local Consumo;"Habitaá∆o;Esp Comuns;";CASA TOTAL CLICK SOCIAL PAXGµS;CB08309207;CASA TOTAL CLICK SOCIAL PAXGµS;ET05352446;-;-;-;-;-;-;-;-;-;-;x;Obrigat¢rio;-;-;x;Facultativo;-;-;-;-;-;-;Casa Click;Casa Paxg†s 2013/01 Social;;;;;;;;;;;;;
115;OFR1415732;Casa Total Click Lusitaniag†s Social;Contrat†vel;01-05-2013;31-12-9999;Residenciais;365;Ser∆o debitados, ao cliente, o custo do termo tarif†rio fixo devido para o escal∆o/potància;0;Pontos de entrega no mesmo Local f°sico;-;"Eleg°vel para Tarifa Social;";-;Ènico local de consumo com Tarifa Social    ;G+E;Tipo Local Consumo;"Habitaá∆o;Esp Comuns;";-;-;CASA TOTAL CLICK SOCIAL;CB03641362;CASA TOTAL CLICK SOCIAL;ET03923987;Distribuidor;Lusitaniag†s;Tipo Local Consumo;"Habitaá∆o;Esp Comuns;";CASA TOTAL CLICK SOCIAL LUSITANIAGµS;CB02420646;CASA TOTAL CLICK SOCIAL LUSITANIAGµS ;ET00892344;-;-;-;-;-;-;-;-;-;-;x;Obrigat¢rio;-;-;x;Facultativo;-;-;-;-;-;-;Casa Click;Casa Lusitaniag†s 2013/01 Social;;;;;;;;;;;;;
116;OFR0717621;Casa Total Click Medig†s Social;Contrat†vel;01-05-2013;31-12-9999;Residenciais;365;Ser∆o debitados, ao cliente, o custo do termo tarif†rio fixo devido para o escal∆o/potància;0;Pontos de entrega no mesmo Local f°sico;-;"Eleg°vel para Tarifa Social;";-;Ènico local de consumo com Tarifa Social    ;G+E;Tipo Local Consumo;"Habitaá∆o;Esp Comuns;";-;-;CASA TOTAL CLICK SOCIAL;CB03641362;CASA TOTAL CLICK SOCIAL;ET03923987;Distribuidor;Medig†s;Tipo Local Consumo;"Habitaá∆o;Esp Comuns;";CASA TOTAL CLICK SOCIAL MEDIGµS;CB01340850;CASA TOTAL CLICK SOCIAL MEDIGµS;ET05908854;-;-;-;-;-;-;-;-;-;-;x;Obrigat¢rio;-;-;x;Facultativo;-;-;-;-;-;-;Casa Click;Casa Medig†s 2013/01 Social;;;;;;;;;;;;;
117;OFR9987271;Casa Total Click Lisboag†s Social;Contrat†vel;01-05-2013;31-12-9999;Residenciais;365;Ser∆o debitados, ao cliente, o custo do termo tarif†rio fixo devido para o escal∆o/potància;0;Pontos de entrega no mesmo Local f°sico;-;"Eleg°vel para Tarifa Social;";-;Ènico local de consumo com Tarifa Social    ;G+E;Tipo Local Consumo;"Habitaá∆o;Esp Comuns;";-;-;CASA TOTAL CLICK SOCIAL;CB03641362;CASA TOTAL CLICK SOCIAL;ET03923987;Distribuidor;Lisboag†s;Tipo Local Consumo;"Habitaá∆o;Esp Comuns;";CASA TOTAL CLICK SOCIAL LISBOAGµS;CB05800952;CASA TOTAL CLICK SOCIAL LISBOAGµS;ET08765772;-;-;-;-;-;-;-;-;-;-;x;Obrigat¢rio;-;-;x;Facultativo;-;-;-;-;-;-;Casa Click;Casa Lisboag†s 2013/01 Social;;;;;;;;;;;;;
118;OFR9463884;Casa Total Click Beirag†s Social;Contrat†vel;01-05-2013;31-12-9999;Residenciais;365;Ser∆o debitados, ao cliente, o custo do termo tarif†rio fixo devido para o escal∆o/potància;0;Pontos de entrega no mesmo Local f°sico;-;"Eleg°vel para Tarifa Social;";-;Ènico local de consumo com Tarifa Social    ;G+E;Tipo Local Consumo;"Habitaá∆o;Esp Comuns;";-;-;CASA TOTAL CLICK SOCIAL;CB03641362;CASA TOTAL CLICK SOCIAL;ET03923987;Distribuidor;Beirag†s;Tipo Local Consumo;"Habitaá∆o;Esp Comuns;";CASA TOTAL CLICK SOCIAL BEIRAGµS;CB01166127;CASA TOTAL CLICK SOCIAL BEIRAGµS;ET01972139;-;-;-;-;-;-;-;-;-;-;x;Obrigat¢rio;-;-;x;Facultativo;-;-;-;-;-;-;Casa Click;Casa Beirag†s 2013/01 Social;;;;;;;;;;;;;
119;OFR6988649;Casa Total Click Dianag†s Social;Contrat†vel;01-05-2013;31-12-9999;Residenciais;365;Ser∆o debitados, ao cliente, o custo do termo tarif†rio fixo devido para o escal∆o/potància;0;Pontos de entrega no mesmo Local f°sico;-;"Eleg°vel para Tarifa Social;";-;Ènico local de consumo com Tarifa Social    ;G+E;Tipo Local Consumo;"Habitaá∆o;Esp Comuns;";-;-;CASA TOTAL CLICK SOCIAL;CB03641362;CASA TOTAL CLICK SOCIAL;ET03923987;Distribuidor;Dianag†s;Tipo Local Consumo;"Habitaá∆o;Esp Comuns;";CASA TOTAL CLICK SOCIAL DIANAGµS;CB08483931;CASA TOTAL CLICK SOCIAL DIANAGµS;ET03749263;-;-;-;-;-;-;-;-;-;-;x;Obrigat¢rio;-;-;x;Facultativo;-;-;-;-;-;-;Casa Click;Casa Dianag†s 2013/01 Social;;;;;;;;;;;;;
120;OFR3051935;Casa Total Click Sonorg†s Social;Contrat†vel;01-05-2013;31-12-9999;Residenciais;365;Ser∆o debitados, ao cliente, o custo do termo tarif†rio fixo devido para o escal∆o/potància;0;Pontos de entrega no mesmo Local f°sico;-;"Eleg°vel para Tarifa Social;";-;Ènico local de consumo com Tarifa Social    ;G+E;Tipo Local Consumo;"Habitaá∆o;Esp Comuns;";-;-;CASA TOTAL CLICK SOCIAL;CB03641362;CASA TOTAL CLICK SOCIAL;ET03923987;Distribuidor;Sonorg†s;Tipo Local Consumo;"Habitaá∆o;Esp Comuns;";CASA TOTAL CLICK SOCIAL SONORGµS;CB06673004;CASA TOTAL CLICK SOCIAL SONORGµS;ET00020292;-;-;-;-;-;-;-;-;-;-;x;Obrigat¢rio;-;-;x;Facultativo;-;-;-;-;-;-;Casa Click;Casa Sonorg†s 2013/01 Social;;;;;;;;;;;;;
121;OFR9289160;Casa Total Click Durienseg†s Social;Contrat†vel;01-05-2013;31-12-9999;Residenciais;365;Ser∆o debitados, ao cliente, o custo do termo tarif†rio fixo devido para o escal∆o/potància;0;Pontos de entrega no mesmo Local f°sico;-;"Eleg°vel para Tarifa Social;";-;Ènico local de consumo com Tarifa Social    ;G+E;Tipo Local Consumo;"Habitaá∆o;Esp Comuns;";-;-;CASA TOTAL CLICK SOCIAL;CB03641362;CASA TOTAL CLICK SOCIAL;ET03923987;Distribuidor;Durienseg†s;Tipo Local Consumo;"Habitaá∆o;Esp Comuns;";CASA TOTAL CLICK SOCIAL DURIENSEGµS;CB05277565;CASA TOTAL CLICK SOCIAL DURIENSEGµS;ET06432241;-;-;-;-;-;-;-;-;-;-;x;Obrigat¢rio;-;-;x;Facultativo;-;-;-;-;-;-;Casa Click;Casa Durienseg†s 2013/01 Social;;;;;;;;;;;;;
122;OFR2736290;Casa Total Click Tagusg†s Social;Contrat†vel;01-05-2013;31-12-9999;Residenciais;365;Ser∆o debitados, ao cliente, o custo do termo tarif†rio fixo devido para o escal∆o/potància;0;Pontos de entrega no mesmo Local f°sico;-;"Eleg°vel para Tarifa Social;";-;Ènico local de consumo com Tarifa Social    ;G+E;Tipo Local Consumo;"Habitaá∆o;Esp Comuns;";-;-;CASA TOTAL CLICK SOCIAL;CB03641362;CASA TOTAL CLICK SOCIAL;ET03923987;Distribuidor;Tagusg†s;Tipo Local Consumo;"Habitaá∆o;Esp Comuns;";CASA TOTAL CLICK SOCIAL TAGUSGµS;CB03292698;CASA TOTAL CLICK SOCIAL TAGUSGµS ;ET09812548;-;-;-;-;-;-;-;-;-;-;x;Obrigat¢rio;-;-;x;Facultativo;-;-;-;-;-;-;Casa Click;Casa Tagusg†s 2013/01 Social ;;;;;;;;;;;;;
123;OFR8276187;Casa Click;Contrat†vel;01-05-2013;31-12-9999;Residenciais;365;Ser∆o debitados, ao cliente, o custo do termo tarif†rio fixo devido para o escal∆o/potància;0;-;-;-;-;-;E;Tipo Local Consumo;"Habitaá∆o;Esp Comuns;";-;-;CASA CLICK;CB07404136;CASA CLICK;ET02736290;-;-;-;-;-;-;-;-;-;-;-;-;-;-;-;-;-;-;x;Obrigat¢rio;-;-;x;Facultativo;-;-;-;-;-;-;Casa Click;N/A;;;;;;;;;;;;;
124;OFR5767933;Casa Click Social;Contrat†vel;01-05-2013;31-12-9999;Residenciais;365;Ser∆o debitados, ao cliente, o custo do termo tarif†rio fixo devido para o escal∆o/potància;0;"Eleg°vel para Tarifa Social;";-;Ènico local de consumo com Tarifa Social    ;-;-;E;Tipo Local Consumo;"Habitaá∆o;Esp Comuns;";-;-;CASA CLICK SOCIAL;CB00609719;CASA CLICK SOCIAL;ET05527170;-;-;-;-;-;-;-;-;-;-;-;-;-;-;-;-;-;-;x;Obrigat¢rio;-;-;x;Facultativo;-;-;-;-;-;-;Casa Click Social;N/A;;;;;;;;;;;;;
125;OFR5875834;Casa Campanha Promocional 2013;Contrat†vel;01-05-2013;31-12-9999;Residenciais;365;Ser∆o debitados, ao cliente, o custo do termo tarif†rio fixo devido para o escal∆o/potància;0;-;-;-;-;-;E;Tipo Local Consumo;"Habitaá∆o;Esp Comuns;";-;-;CASA CAMPANHA PROMOCIONAL 2013;CB00294075;CASA CAMPANHA PROMOCIONAL 2013;ET08309207;-;-;-;-;-;-;-;-;-;-;-;-;-;-;-;-;-;-;x;Obrigat¢rio;x;Facultativo;x;Facultativo;-;-;-;-;-;-;Casa Campanha Promocional 2013;N/A;;;;;;;;;;;;;
126;OFR0892344;Casa Campanha Promocional Social 2013;Contrat†vel;01-05-2013;31-12-9999;Residenciais;365;Ser∆o debitados, ao cliente, o custo do termo tarif†rio fixo devido para o escal∆o/potància;0;"Eleg°vel para Tarifa Social;";-;Ènico local de consumo com Tarifa Social    ;-;-;E;Tipo Local Consumo;"Habitaá∆o;Esp Comuns;";-;-;CASA CAMPANHA PROMOCIONAL SOCIAL 2013;CB03400599;CASA CAMPANHA PROMOCIONAL SOCIAL 2013;ET06988649;-;-;-;-;-;-;-;-;-;-;-;-;-;-;-;-;-;-;x;Obrigat¢rio;x;Facultativo;x;Facultativo;-;-;-;-;-;-;Casa Campanha Promocional Social 2013;N/A;;;;;;;;;;;;;
127;OFR4181651;Casa Beirag†s Base 2013/01;A disponibilizar;-;31-12-9999;Residenciais;365;Ser∆o debitados, ao cliente, o custo do termo tarif†rio fixo devido para o escal∆o/potància;0;-;-;-;-;-;G;-;-;-;-;-;-;-;-;Distribuidor;Beirag†s;Tipo Local Consumo;"Habitaá∆o;Esp Comuns;";Casa Beirag†s Base 2013/01;CB02935191;Casa Beirag†s Base 2013/01;ET01008305;-;-;-;-;-;-;-;-;-;-;-;-;-;-;x;Facultativo;-;-;-;-;-;-;N/A;Casa Beirag†s Base 2013/01;;;;;;;;;;;;;
128;OFR3101856;Casa Dianag†s Base 2013/01;A disponibilizar;-;31-12-9999;Residenciais;365;Ser∆o debitados, ao cliente, o custo do termo tarif†rio fixo devido para o escal∆o/potància;0;-;-;-;-;-;G;-;-;-;-;-;-;-;-;Distribuidor;Dianag†s;Tipo Local Consumo;"Habitaá∆o;Esp Comuns;";Casa Dianag†s Base 2013/01;CB07918681;Casa Dianag†s Base 2013/01;ET02055080;-;-;-;-;-;-;-;-;-;-;-;-;-;-;x;Facultativo;-;-;-;-;-;-;N/A;Casa Dianag†s Base 2013/01;;;;;;;;;;;;;
129;OFR7561958;Casa Sonorg†s Base 2013/01;A disponibilizar;-;31-12-9999;Residenciais;365;Ser∆o debitados, ao cliente, o custo do termo tarif†rio fixo devido para o escal∆o/potància;0;-;-;-;-;-;G;-;-;-;-;-;-;-;-;Distribuidor;Sonorg†s;Tipo Local Consumo;"Habitaá∆o;Esp Comuns;";Casa Sonorg†s Base 2013/01;CB01506732;Casa Sonorg†s Base 2013/01;ET02611488;-;-;-;-;-;-;-;-;-;-;-;-;-;-;x;Facultativo;-;-;-;-;-;-;N/A;Casa Sonorg†s Base 2013/01;;;;;;;;;;;;;
130;OFR5119742;Casa Durienseg†s Base 2013/01;A disponibilizar;-;31-12-9999;Residenciais;365;Ser∆o debitados, ao cliente, o custo do termo tarif†rio fixo devido para o escal∆o/potància;0;-;-;-;-;-;G;-;-;-;-;-;-;-;-;Distribuidor;Durienseg†s;Tipo Local Consumo;"Habitaá∆o;Esp Comuns;";Casa Durienseg†s Base 2013/01;CB04887039;Casa Durienseg†s Base 2013/01;ET07536997;-;-;-;-;-;-;-;-;-;-;-;-;-;-;x;Facultativo;-;-;-;-;-;-;N/A;Casa Durienseg†s Base 2013/01;;;;;;;;;;;;;
131;OFR1008305;Casa Lisboag†s Base 2013/01;A disponibilizar;-;31-12-9999;Residenciais;365;Ser∆o debitados, ao cliente, o custo do termo tarif†rio fixo devido para o escal∆o/potància;0;-;-;-;-;-;G;-;-;-;-;-;-;-;-;Distribuidor;Lisboag†s;Tipo Local Consumo;"Habitaá∆o;Esp Comuns;";Casa Lisboag†s Base 2013/01;CB07536997;Casa Lisboag†s Base 2013/01;ET05028742;-;-;-;-;-;-;-;-;-;-;-;-;-;-;x;Facultativo;-;-;-;-;-;-;N/A;Casa Lisboag†s Base 2013/01;;;;;;;;;;;;;
132;OFR1183028;Casa Medig†s Base 2013/01;A disponibilizar;-;31-12-9999;Residenciais;365;Ser∆o debitados, ao cliente, o custo do termo tarif†rio fixo devido para o escal∆o/potància;0;-;-;-;-;-;G;-;-;-;-;-;-;-;-;Distribuidor;Medig†s;Tipo Local Consumo;"Habitaá∆o;Esp Comuns;";Casa Medig†s Base 2013/01;CB04156690;Casa Medig†s Base 2013/01;ET06108538;-;-;-;-;-;-;-;-;-;-;-;-;-;-;x;Facultativo;-;-;-;-;-;-;N/A;Casa Medig†s Base 2013/01;;;;;;;;;;;;;
133;OFR0277956;Casa Lusitanig†s Base 2013/01;A disponibilizar;-;31-12-9999;Residenciais;365;Ser∆o debitados, ao cliente, o custo do termo tarif†rio fixo devido para o escal∆o/potància;0;-;-;-;-;-;G;-;-;-;-;-;-;-;-;Distribuidor;Lusitaniag†s;Tipo Local Consumo;"Habitaá∆o;Esp Comuns;";Casa Lusitanig†s Base 2013/01;CB09488844;Casa Lusitanig†s Base 2013/01;ET08616792;-;-;-;-;-;-;-;-;-;-;-;-;-;-;x;Facultativo;-;-;-;-;-;-;N/A;Casa Lusitanig†s Base 2013/01;;;;;;;;;;;;;
134;OFR6689906;Casa Paxg†s Base 2013/01;A disponibilizar;-;31-12-9999;Residenciais;365;Ser∆o debitados, ao cliente, o custo do termo tarif†rio fixo devido para o escal∆o/potància;0;-;-;-;-;-;G;-;-;-;-;-;-;-;-;Distribuidor;Paxg†s;Tipo Local Consumo;"Habitaá∆o;Esp Comuns;";Casa Paxg†s Base 2013/01;CB07885661;Casa Paxg†s Base 2013/01;ET00975285;-;-;-;-;-;-;-;-;-;-;-;-;-;-;x;Facultativo;-;-;-;-;-;-;N/A;Casa Paxg†s Base 2013/01;;;;;;;;;;;;;
135;OFR7594977;Casa Setg†s Base 2013/01;A disponibilizar;-;31-12-9999;Residenciais;365;Ser∆o debitados, ao cliente, o custo do termo tarif†rio fixo devido para o escal∆o/potància;0;-;-;-;-;-;G;-;-;-;-;-;-;-;-;Distribuidor;Setg†s;Tipo Local Consumo;"Habitaá∆o;Esp Comuns;";Casa Setg†s Base 2013/01;CB06838886;Casa Setg†s Base 2013/01;ET06515182;-;-;-;-;-;-;-;-;-;-;-;-;-;-;x;Facultativo;-;-;-;-;-;-;N/A;Casa Setg†s Base 2013/01;;;;;;;;;;;;;
136;OFR4911999;Casa Tagusg†s Base 2013/01;A disponibilizar;-;31-12-9999;Residenciais;365;Ser∆o debitados, ao cliente, o custo do termo tarif†rio fixo devido para o escal∆o/potància;0;-;-;-;-;-;G;-;-;-;-;-;-;-;-;Distribuidor;Tagusg†s;Tipo Local Consumo;"Habitaá∆o;Esp Comuns;";Casa Tagusg†s Base 2013/01;CB06980590;Casa Tagusg†s Base 2013/01;ET06980590;-;-;-;-;-;-;-;-;-;-;-;-;-;-;x;Facultativo;-;-;-;-;-;-;N/A;Casa Tagusg†s Base 2013/01;;;;;;;;;;;;;
;;;;;;;;;;;;;;;;;;;;;;;;;;;;;;;;;;;;;;;;;;;;;;;;;;;;;;;;;;;;;;;;;;;;
;;;;;;;;;;;;;;;;;;;;;;;;;;;;;;;;;;;;;;;;;;;;;;;;;;;;;;;;;;;;;;;;;;;;
;;;;;;;;;;;;;;;;;;;;;;;;;;;;;;;;;;;;;;;;;;;;;;;;;;;;;;;;;;;;;;;;;;;;
;;;;;;;;;;;;;;;;;;;;;;;;;;;;;;;;;;;;;;;;;;;;;;;;;;;;;;;;;;;;;;;;;;;;
;;;;;;;;;;;;;;;;;;;;;;;;;;;;;;;;;;;;;;;;;;;;;;;;;;;;;;;;;;;;;;;;;;;;
;;;;;;;;;;;;;;;;;;;;;;;;;;;;;;;;;;;;;;;;;;;;;;;;;;;;;;;;;;;;;;;;;;;;
;;;;;;;;;;;;;;;;;;;;;;;;;;;;;;;;;;;;;;;;;;;;;;;;;;;;;;;;;;;;;;;;;;;;
;;;;;;;;;;;;;;;;;;;;;;;;;;;;;;;;;;;;;;;;;;;;;;;;;;;;;;;;;;;;;;;;;;;;
;;;;;;;;;;;;;;;;;;;;;;;;;;;;;;;;;;;;;;;;;;;;;;;;;;;;;;;;;;;;;;;;;;;;
;;;;;;;;;;;;;;;;;;;;;;;;;;;;;;;;;;;;;;;;;;;;;;;;;;;;;;;;;;;;;;;;;;;;
;;;;;;;;;;;;;;;;;;;;;;;;;;;;;;;;;;;;;;;;;;;;;;;;;;;;;;;;;;;;;;;;;;;;
;;;;;;;;;;;;;;;;;;;;;;;;;;;;;;;;;;;;;;;;;;;;;;;;;;;;;;;;;;;;;;;;;;;;
;;;;;;;;;;;;;;;;;;;;;;;;;;;;;;;;;;;;;;;;;;;;;;;;;;;;;;;;;;;;;;;;;;;;
;;;;;;;;;;;;;;;;;;;;;;;;;;;;;;;;;;;;;;;;;;;;;;;;;;;;;;;;;;;;;;;;;;;;
;;;;;;;;;;;;;;;;;;;;;;;;;;;;;;;;;;;;;;;;;;;;;;;;;;;;;;;;;;;;;;;;;;;;
;;;;;;;;;;;;;;;;;;;;;;;;;;;;;;;;;;;;;;;;;;;;;;;;;;;;;;;;;;;;;;;;;;;;
;;;;;;;;;;;;;;;;;;;;;;;;;;;;;;;;;;;;;;;;;;;;;;;;;;;;;;;;;;;;;;;;;;;;
;;;;;;;;;;;;;;;;;;;;;;;;;;;;;;;;;;;;;;;;;;;;;;;;;;;;;;;;;;;;;;;;;;;;
